Timestamp,Giới tính của bạn:,Độ tuổi của bạn:,Khu vực bạn đang sinh sống:,Trình độ học vấn cao nhất:,Tình trạng việc làm chính:,"Thu nhập bình quân tháng theo Hợp đồng lao động của bạn là bao nhiêu? (Vui lòng điền tổng thu nhập trước khi khấu trừ các loại Bảo hiểm (BHXH, BHYT, BHTN) và Thuế TNCN)","Số người phụ thuộc (con nhỏ, cha mẹ già...) đủ điều kiện giảm trừ gia cảnh:","Tôi tin rằng với các quy định quản lý thuế hiện nay, hành vi gian lận hoặc trốn thuế sẽ dễ dàng bị phát hiện và xử lý nghiêm. - HUMAN-ENF1",Lý do - HUMAN-ENF1,"Tôi tin rằng Nhà nước, cơ quan thuế có đủ khả năng và công nghệ để phát hiện, xử lý nghiêm các hành vi trốn thuế. - HUMAN-ENF2",Lý do - HUMAN-ENF2,"Các thủ tục khai báo thuế VÀ/HOẶC quy trình làm việc với cơ quan thuế đơn giản, tiện lợi, nhanh chóng hơn so với trước đây. - HUMAN-FAC1",Lý do - HUMAN-FAC1,"So với trước đây, tôi thấy cách tính thuế và các bậc thuế trong phương án mới đơn giản, dễ hiểu và dễ thực hiện hơn. - HUMAN-FAC2",Lý do - HUMAN-FAC2,"Tôi tin rằng Nhà nước, cơ quan thuế sẽ thực thi chính sách mới một cách khách quan, công tâm và đối xử bình đẳng với mọi người nộp thuế.  - HUMAN-TRU1",Lý do - HUMAN-TRU1,Tôi thấy mức thuế tôi phải đóng theo phương án mới là công bằng (người thu nhập như tôi đóng mức này là hợp lý). - HUMAN-TRU2,Lý do - HUMAN-TRU2,"Tôi tin tưởng số tiền thuế tôi đóng sẽ được Nhà nước sử dụng hiệu quả để cải thiện dịch vụ công (y tế, đường xá...). - HUMAN-TRU3",Lý do - HUMAN-TRU3,"Tôi thấy Nhà nước đã giải thích rõ ràng, minh bạch về lý do và mục tiêu của việc sửa đổi thuế lần này. - HUMAN-TRU4",Lý do - HUMAN-TRU4,"Sau khi xem xét các quyền lợi và nghĩa vụ, bạn có ủng hộ và tuân thủ chính sách mới hiện nay? - HUMAN-OUT1",Lý do - HUMAN-OUT1
12/23/2025 20:23,Nữ,30 - 39,Thành thị,Sau Đại học,"Khu vực chính thức (Có Hợp đồng lao động, đóng BHXH)",Từ 23 - 32 triệu VNĐ,1 người,5,"Các thay đổi hiện tại chỉ mới dừng lại ở việc giảm bậc thuế, giúp người đóng thuế cảm thấy đơn giản và nhẹ gánh trong việc đóng thuế TNCN. Chưa thấy nhiều thay đổi về các chế tài pháp lý hay xử phạt.",5,Đồng ý. Quan trọng là cơ quan thuế có muốn thực thi hay không.,1,"Form khai báo/phản ánh không đồng bộ, thông tin liên hệ không có, không có người tiếp nhận, hỗ trợ. Phần mềm eTax cũng không có phản hồi người nộp thuế. 
Người khai báo thuế gặp vấn đề bị người khác sử dụng CCCD để đăng ký mã số thuế tại 1 DN không làm việc mà cơ quan thuế không biết/không xử lý dù đã phản ánh nhiều lần.",10,"Hoàn toàn đồng ý vì trước đây 7 bậc là quá nhiều, khó để tính toán.",5,"Các thay đổi hiện tại chỉ mới dừng lại ở việc giảm bậc thuế, giúp người đóng thuế cảm thấy đơn giản và nhẹ gánh trong việc đóng thuế TNCN. Chưa thấy nhiều thay đổi về các chế tài pháp lý hay xử phạt.",10,"Vì theo chính sách mới, tôi không phải đóng thuế nữa. Hoàn toàn đồng ý.",5,"Khi nào các chính sách chế tài được xử lý nghiêm, giải quyết vấn đề tham nhũng thì lòng tin của tôi sẽ cao hơn.",10,Hoàn toàn đồng ý về việc truyền thông và giải thích của Chính phủ.,9,"Ủng hộ việc giảm bậc, tăng mức giảm trừ gia cảnh nhưng niềm tin về việc thực thi chính sách thì không cao cho đến khi việc thực thi các chế tài là rõ ràng, minh bạch, nghiêm khắc. Nhìn chung, vì chính sách mới giúp tôi không phải đóng thuế nữa nên mức độ ủng hộ cao."
12/24/2025 9:36,Nữ,30 - 39,Thành thị,Đại học,"Khu vực phi chính thức (Lao động tự do, không có HĐLĐ)",Từ 12 - 18 triệu VNĐ,2 người,5,"Dù khâu thực thi được chú trọng và nhiều cải thiện. Người dân hiểu và tuân thủ hơn. Nhưng thay đổi chỉ mới gần đây, chưa chắc được hiệu quả trong tương lai. ",5,"Dù khâu thực thi được chú trọng và nhiều cải thiện. Người dân hiểu và tuân thủ hơn. Nhưng thay đổi chỉ mới gần đây, chưa chắc được hiệu quả trong tương lai. ",4,"Có cải thiện nhưng đang trong quá trình chuyển giao, thay đổi từ offline sang online nên mọi thứ vẫn còn ngổn ngang, không biết liên hệ ai.",5,"Không thay đổi về mức độ đóng thuế dù thay đổi bậc thuế, ngưỡng thuế.",5,"Dù khâu thực thi được chú trọng và nhiều cải thiện. Người dân hiểu và tuân thủ hơn. Nhưng thay đổi chỉ mới gần đây, chưa chắc được hiệu quả trong tương lai. ",5,"Không thay đổi về mức độ đóng thuế dù thay đổi bậc thuế, ngưỡng thuế.",5,Giống với quan điểm trước đó vì mọi thứ vẫn chưa rõ ràng.,5,Giống với quan điểm trước đó vì mọi thứ vẫn chưa rõ ràng.,5,Giống với quan điểm trước đó vì mọi thứ vẫn chưa rõ ràng.
12/24/2025 10:43,Nam,40 - 49,Thành thị,Đại học,"Khu vực phi chính thức (Lao động tự do, không có HĐLĐ)",Từ 23 - 32 triệu VNĐ,3 người,10,"Áp dụng công nghệ định danh, rà soát tài khoản tự động các nguồn thu thông qua yêu cầu bên trung gian thanh toán, phán đoán cá nhân.",10,Công nghệ hiện đại,5,"Vẫn thấy có nhiều khó khăn khi dùng Etax mobile. Chưa rõ phần mềm có cập nhật, thay đổi theo chính sách mới hay không.",7,Chưa làm theo quy định mới nhưng từ truyền thông giải thích thì cảm giác có sự tốt hơn,7,"Vì còn mới và chưa triển khai, nên phỏng đoán sẽ tốt hơn cách làm trước đây. Dựa trên kinh nghiệm từ quá khứ thì mọi thứ vẫn làm tốt, nhưng chưa chắc tương lai thế nào vì không biết quá trình chuyển đổi thế nào.",6,"Do sức mua bị giảm bởi lạm phát do cung tiền cho các dự án quốc gia, nên cảm thấy 6/10. Thay đổi chưa phù hợp với mức sống thực tế.",5,"Tính hiệu quả từ tiền thuế thu được chưa được minh bạch và giải trình đầy đủ, còn nhiều vụ án tham nhũng khi triển khai dự án công, trong đó có phần tiền thuế đóng góp.",6,"Chỉ tham khảo từ nguồn truyền thông. Chưa thấy thông tin từ cơ quan thuế, giới học thuật (sách vở).",7,"Đóng thuế ít hơn, các khung thuế cũng đơn giản hơn. Nhưng tổng thể không đáp ứng được mong đợi so với thực mức sống thực tế. Tuy nhiên, sẽ ủng hộ nếu thu thuế tốt cho cả quốc gia nếu xài tiền thuế thu được hiệu quả. "
12/24/2025 11:18,Nữ,40 - 49,Thành thị,Sau Đại học,"Khu vực chính thức (Có Hợp đồng lao động, đóng BHXH)",Từ 70 - 102 triệu VNĐ,2 người,6,Người có thu nhập phi chính thức còn nhiều và Nhà nước hiện nay chưa quản lý được.,5,"Hiện nay các khoản doanh thu bán lẻ không xuất hóa đơn vẫn còn cao, như doanh thu bán lẻ, cái này chưa có công nghệ quản lý.",2,"Thủ tục khai báo phức tạp, tôi phải thường nhờ dịch vụ làm thì sẽ thuận tiện, nhanh chóng hơn. Còn người dân bình thường sẽ khó xử lý vì không có mối quan hệ để hỏi người chịu trách nhiệm chính, hỗ trợ.",7,Đơn giản hơn vì nó ít bậc hơn.,7,"Tôi hi vọng thế. Hiện tại, Nhà nước cũng đang cố gắng minh bạch, đưa ra nhiều chính sách cải tiến để giúp việc thực thi chính sách tốt hơn.",7,"Mức giảm trừ được nâng lên, và các bậc thuế cũng thấp hơn. Tuy nhiên, chưa phản ánh đúng với thực tế, mức sống hiện nay.",5,"Tôi không quá tin vào điều này vì hàng năm vẫn thấy sự thất thoát, tuy nhiên tôi tin năng lực quản lý nhà nước sẽ tăng lên.",7,"Nó được lấy ý kiến từ người dân và công khai thông tin rõ ràng. Truyền thông rõ ràng từng chặng, từng bước quá trình luật hình thành.",8,"Vì đóng thuế là nghĩa vụ công dân để xây dựng đất nước và mức thuế này cũng hợp lý. Tuy nhiên, chưa phản ánh hoàn toàn thực tế hiện nay."
12/24/2025 12:03,Nữ,40 - 49,Thành thị,Đại học,"Khu vực chính thức (Có Hợp đồng lao động, đóng BHXH)",Trên 102 triệu VNĐ,2 người,8,"Khi cảm giác về gánh nặng thuế giảm sẽ khuyến khích người đóng thuế tích cực kê khai nộp thuế hơn. Hiện nay, cơ quan thuế cũng đang triển khai rất quyết liệt, nhanh và hiệu quả.",8,"Qua kinh nghiệm hệ thống hoá đơn điện tử từ VAT hay thuế DN thì làm rất hiệu quả. Hiện nay, cơ quan thuế cũng đang triển khai rất quyết liệt, nhanh và hiệu quả.",8,"Không khai báo trực tiếp nên không trả lời được chính xác. Do công ty đóng nên chưa nhiều trải nghiệm. Nghe qua một vài chia sẻ thì thấy tích cực, tốt. Tuy nhiên, trong quá khứ thì có trải nghiệm chưa tốt, dù hiện tại trải nghiệm tốt hơn từ chia sẻ bạn bè, người thân. Có sự cải tiến nhiều.",9,"Có sự giãn cách giữa các bậc. Cơ bản cũng không quan tâm nhiều do nhân sự, kế toán làm hết rồi. Qua truyền thông, báo chí thì thấy có sự đơn giản, dễ hiểu.",6,"Hiện mới chỉ nắm được người có tóc, chưa xử lý được những người nằm ngoài tầm kiểm soát hay khó quản lý. Chưa có chính sách khuyến khích người thu nhập cao chủ động khai báo thuế, minh bạch các nguồn thu.",7,"Tương tự câu trên, mới nắm được người có tóc",5,"Chưa “cảm nhận” được. Không biết tiền đi đâu, về đâu, làm gì. Vẫn thấy được nguồn thu được sử dụng nhưng vấn đề là chưa rõ ràng, chưa thấy hiệu quả, minh bạch.",8,"Đọc nhiều tin bài, hội thảo, truyền thông tốt, giải thích dễ hiểu.",8,"Buộc phải tuân thủ nhưng kỳ vọng có chính sách bao trùm hơn. Chính sách mới có những nỗ lực điều chỉnh tích cực hơn nhưng vẫn chưa hướng tới được những người có thu nhập đáng lẽ chịu thuế phải tự động khai báo thay vì phải đi thanh tra, xử phạt. Phải có cơ chế thưởng phạt. Hiện tại chỉ dừng lại ở phạt, chưa có chính sách khuyến khích. "
12/24/2025 21:56,Nam,40 - 49,Thành thị,Sau Đại học,"Khu vực phi chính thức (Lao động tự do, không có HĐLĐ)",Từ 32 - 48 triệu VNĐ,3 người,6,"Bậc thuế và mức thuế này vẫn là quá cao, làm giảm động lực làm việc và tăng khả năng gian lận. Sự thay đổi không nhiều so với trước đây với những người có thu nhập cao.",7,"Nếu áp dụng công nghệ thì việc thực thi sẽ dễ dàng, không khó khăn. Tuy nhiên, trong quá trình thực thi, bằng nhiều cách thức, đối tượng có thể thoát được thuế, đặc biệt thông qua lạm dụng quyền và lợi ích nhóm, trong đó có lao động ở các cơ quan nhà nước có khả năng tự ra luật để mình được đặc quyền.  ",5,"Tôi thấy cơ quan thuế Quận 7 thật tệ. Ngoài ra, đang trong quá trình chuyển đổi, sáp nhập nên khâu thực thi, hỗ trợ người dân gặp nhiều khó khăn. Và còn có nhiều vấn đề tiêu cực, nhũng nhiễu, gây khó khăn cho người dân. Tuy nhiên, đây là trải nghiệm cá nhân ở một cơ quan, chưa thể đánh giá toàn bộ hệ thống nên nếu chấm điểm quá thấp thì sẽ không công bằng. Vì thế cho điểm trung bình.",8,Đồng ý khi có sự thay đổi tốt hơn.,6,Cái này là hy vọng thôi chứ trong giai đoạn nhiều chuyển đổi này thì tôi lo là sẽ nhiều khó khăn và phúc tạp ngoài mong đợi. Vẫn phải chờ đợi thêm.,3,"Mức và biểu thuế hiện vẫn quá cao, làm giảm động lực làm việc, đặc biệt của tầng lớp trung lưu, không phản ánh đúng với thực tế, mức sống của người dân. Ngoài ra, không phản ánh đúng theo từng vùng. Người dân ở các thành phố lớn có chi phí sống cao hơn nhưng vẫn phải đóng thuế giống với người dân ở các vùng có chi phí sống thấp hơn.",5,"Tôi lo ngại về hiệu quả đầu tư công của Việt Nam từ xưa đến nay. Có những trải nghiệm không tốt, tiêu cực về các dự án, tài sản công bị thất thoát, lãng phí, tham nhũng. Người dân cũng không được tham gia phản biện vào các dự án lớn và không biết đồng thuế có sử dụng hiệu quả, đúng mục đích hay không. Tuy nhiên, so với các nước kém phát triển, nghèo đói khác thì vẫn có tín hiệu tích cực, tiền thuế vẫn được sử dụng chứ không quá tồi tệ. Sống thì buộc phải hy vọng thôi. ",5,Có ai hỏi tôi về cải cách thuế này đâu. Vấn đề truyền thông còn hạn chế nên cho điểm trung bình. ,6,Tôi không ủng hộ lắm nhưng sẽ tuân thủ. Trừ 2 điểm thiết kế và trừ 2 điểm thực thi.
12/25/2025 8:40,Nữ,40 - 49,Thành thị,Sau Đại học,"Khu vực chính thức (Có Hợp đồng lao động, đóng BHXH)",Từ 32 - 48 triệu VNĐ,2 người,6,"Cần thêm thu nhập của tổ chức/cá nhân chịu thuế phải rõ ràng, minh bạch. Để phát hiện được hành vi gian lận, trốn thuế thì phải đi từ đầu vào là đo kiểm được thu nhập của tổ chức/cá nhân - nó giải thích cho niềm tin không cao vì lý do này.",7,Tôi chỉ nhận định chủ quan trên cơ sở nhà nước đã thu được thuế gia tăng trong thời gian gần đây,7,Thủ tục hoàn thuế đơn giản hơn ,7,"Đối với cá nhân tôi thi tôi cảm thấy có đơn giản hơn, tuy nhiên với tổ chức khi phải hỗ trợ ưu đãi thuế cho những cá nhân thuộc đối tượng miễn giảm (nhà khoa hoc, nghiên cứu,...) thì vẫn còn sự phức tạp trong kê khai (thông tin này được nghe phản ánh lại từ bộ phận hỗ trợ thuế)",8,Niềm tin cá nhân đối với chính sách của nhà nước,5,"Mức giảm trừ gia cảnh nên được điều chỉnh theo khu vực sinh sống, phù hợp hơn với thực tế.",5,Nhà nước cần công khai minh bạch dữ liệu thu thuế và đầu tư công tùy theo thẩm quyền quản lý để người dân được biết và giám sát theo quy định pháp luật. Thường thì chọn trung bình là mức trung tính trong những vấn đề còn băn khoăn,7,Cảm nhận cá nhân. Cảm thấy truyền thông về thuế TNCN trong thời gian qua có tốt hơn.,8,Trách nhiệm công dân nên ủng hộ.
12/25/2025 9:32,Nữ,30 - 39,Thành thị,Sau Đại học,"Khu vực chính thức (Có Hợp đồng lao động, đóng BHXH)",Trên 102 triệu VNĐ,2 người,10,Hoàn toàn đồng ý. Chính phủ tăng cường kiểm soát giao dịch ngân hàng để minh bạch dòng tiền cá nhân và chống rửa tiền. ,8,"Khi làm việc với cơ quan thuế thì biết rằng cơ quan thuế đang có những công cụ, phần mềm hỗ trợ kiểm tra thuế cũng như truy cập được nhiều nguồn dữ liệu khác nhau. Tuy nhiên, các phần mềm của chính phù hiện nay chưa được tối ưu, một số doanh nghiệp vẫn có cách trốn thuế. ",4,"Hiện tại phần mềm khai thuế vẫn chưa được friendly và hay gặp lỗi, trải nghiệm không tốt. Phải thuê người làm giúp. Gặp vấn đề thì không biết hỏi ai.",7,"5 bậc sẽ ít hơn 7 bậc tuy nhiên mức giảm trừ gia cảnh chưa hợp lý, chưa sát với thực tế. Chưa phản ánh những vấn đề như nuôi con, vay tiền mua nhà, vay ngân hàng.",5,"Chính phủ đang siết chặt thu thuế, trong khi đó chưa áp dụng các chính sách hỗ trợ người dân giảm trừ như mua nhà, con đi học. Chưa có đánh giá tác động cho các nhóm đối tượng khác nhau cũng như đánh giá tác động trong tương lai.",5,Tôi chưa tính được khi áp dụng thuế mới mức đóng cụ thể là bao nhiêu. Không thay đổi khi chính sách mới áp dụng.,5,"Chưa chắc, k có niềm tin lắm nhưng vẫn có niềm tin. Vẫn đánh giá thuế có sử dụng cho dịch vụ công. Chính phủ có lắng nghe phản hồi của người dân, có một chút thay đổi. Vì thế cho điểm số ở mức trung bình.",5,"Mục tiêu chính thì hiểu, rationale đưa ra ngưỡng thì chưa hiểu lắm, Chính phủ cũng chưa forseen được mức trượt giá, lạm phát + giảm trừ gia cảnh.",6,Không ủng hộ cũng k được.
12/25/2025 15:20,Nữ,30 - 39,Thành thị,Đại học,"Khu vực chính thức (Có Hợp đồng lao động, đóng BHXH)",Từ 70 - 102 triệu VNĐ,1 người,7,"Nếu là người lao động trong nhóm chính thức thì thực sự dễ dàng quản lý và cũng khó để trốn thuế, tuy nhiên 2 nhóm còn lại ở khu vực tự do và đã nghỉ hưu thì điều này không thể chắc chắn. Niềm tin chỉ ở mức tương đối.",7,"Sẽ có thể phát hiện nhưng không thể toàn bộ và ngay lập tức, vì những doanh nghiệp không tuân thủ quy định thì nếu có cơ quan thuế sẽ phải tiến hành điều tra chứ không có hệ thống để nhận diện hành vi vi phạm ngay lập tức.",5,Tôi không rõ vấn đề này vì có bộ phận kế toán/nhân sự của công ty xử lý giúp. Chưa có trải nghiệm gì với cơ quan thuế.,7,"Thực ra thì phương thức lũy tiến như nhau, nhưng giản lược số bậc thuế, và giảm tỷ lệ đóng thì tốt cho người lao động. Cá nhân đóng thuế ít hơn so với trước đây.",7,"Nhà nước có chủ động điều chỉnh chính sách thuế mới, như vậy là rất tốt. tuy nhiên cần sự phối hợp của doanh nghiệp thì chính sách thuế mới thực sự hiệu quả. Các doanh nghiệp FDI thì có thể đảm bảo nhưng băn khoăn về các doanh nghiệp SME, doanh nghiệp trong nước hoặc các hộ kinh doanh. Ngoài ra, vấn đề khi thực thi có phụ thuộc vào các cấp cơ quan nhà nước ở dưới, nhỏ hơn có thể không thực hiện đúng với chính sách đề ra.",8,"Thấp hơn thì sẽ tốt hơn, hiện giờ mức đóng vẫn cao nhưng, giảm trừ gia cảnh và cá nhân còn khá thấp so với mức sống của khu vực thành thị. đặc biệt nhóm người chưa sở hữu nhà riêng. Cá nhân cảm thấy hài lòng vì giảm được thuế so với trước đây.",6,"Tôi không thấy rằng giữa người đóng thuế cao và thấp có sự khác biệt trong việc hưởng các dịch vụ công tốt hơn, tất cả là như nhau. và qua các năm thì dịch vụ y tế hay đường xá đều không thay đổi dù tiền thuế đóng nhiều hơn, thông qua ở TPHCM hầu như không có nhiều cải thiện về đầu tư hạ tầng công, các trung tâm khám chữa bệnh công chất lượng hơn hay các trung tâm giải trí, bảo tàng nghệ thuật miễn phí cho người dân, hầu hết đều thu phí, và chất lượng không tốt. Mặc dù không hài lòng nhưng nhìn nhận thực tế vì có sự cải thiện, đặc biệt là có Metro ở Hồ Chí Minh.",5,"Tôi thấy ko quá cần thiết, vì cơ bản là có cải thiện cho đối tượng thu nhập của tôi. tuy nhiên việc sử dụng thuế vào đâu thì cần làm rõ. Không theo dõi quá trình chính sách để hình thành nên không nắm rõ thông tin. Quan trọng là giảm thuế thì cũng không cần giải thích nhiều.",7,Là công dân thì phải tuân thủ theo quy định tuyệt đối nhưng về mặt ủng hộ thì ở mức khá.
12/28/2025 15:12,Nữ,30 - 39,Nông thôn,Sau Đại học,"Khu vực phi chính thức (Lao động tự do, không có HĐLĐ)",Từ 23 - 32 triệu VNĐ,3 người,5,Tôi tin rằng nếu đã có Luật thì ai muốn trốn sẽ có cách lách để k bị phát hiện,8,Do họ có thể truy thu dựa vào dòng tiền ra vào tài khoản,10,"Có thể làm online, nên tôi thấy tiện a",5,Tôi thấy như nhau,9,Tại cán bộ thuế ở tôi rất tốt ạ,2,Tôi thấy phần trăm đóng thuế còn cao so với tôi,7,Dạ do tôi dễ tin người ạ,8,"Dạ, về cơ bản là đã khá chi tiết và rõ ràng ạ",10,"Dạ, là công dân thì phải tuân thủ, vì không có phương án khác ạ"
12/28/2025 17:22,Nữ,40 - 49,Thành thị,Sau Đại học,"Khu vực chính thức (Có Hợp đồng lao động, đóng BHXH)",Trên 102 triệu VNĐ,2 người,4,"Vì tham nhũng, nhũng nhiễu",5,"Vì hệ thống và luật định còn mơ hồ, nhiều kẽ hỡ",6,"Quy trình đơn giản hơn, nhưng hệ thống vẫn chưa kiện toàn, nhân sự chưa sắp xếp ổn",5,Không khác lắm,4,"Với tôi, thuế vẫn đang nắm trên những người tầng lớp trung lưu, làm công ăn lương",2,Mức bắt đầu đóng thuế ở mỗi mức quá cao so với mặt bằng chung trong khu vực,2,"Tham nhũng, không minh bạch,",6,"Đã giải thích nhưng không thuyết phục, chủ yếu là thiếu data support cho việc ra quyết định",5,"Tôi tuân thủ, nhưng với tôi mức thuế hiện tại đang đóng quá cao, trong khi lạm phát đang phi mã"
12/28/2025 17:48,Nam,30 - 39,Thành thị,Đại học,"Khu vực chính thức (Có Hợp đồng lao động, đóng BHXH)",Từ 12 - 18 triệu VNĐ,1 người,8,"Nếu Nhà nước số hóa dần, nộp thuế trên ETax thì và có barem cụ thể thì khả năng gian lận sẽ giảm xuống, tuy nhiên có thể đang trong quá trình làm nên vẫn cần thêm thời gian.",6,"Tôi có lòng tin chưa cao lắm với Nhà nước trong nhiều vấn đề, trong đó có vấn đề công nghệ.",9,"Cái này thì tôi thấy có cải thiện, do 2 năm khai thuế bằng ETax thì tiện hơn.",8,"Tôi thấy logic cơ bản thì ko khác gì, chỉ điều chỉnh mốc con số nên về tính đơn giản, dễ hiểu, dễ thực hiện thì vẫn không thay đổi, nhưng cách tính thì vẫn khá dễ hiểu.",7,Tôi ko có cơ sở nào nhưng lòng tin thì ở mức trung bình khá.,8,Tôi thấy điều chỉnh theo hướng cải thiện nên vẫn ok. ,4,"Tôi không tin tưởng việc này, nhìn thấy dịch vụ và hàng hóa công ở mức trung bình đến tệ.",6,"Tôi thấy cũng có chia sẻ, truyền thông báo chí về việc này nên cũng tạm ok.",7,Tôi ủng hộ vì nhìn chung mức thuế suất có điều chỉnh tốt hơn; vấn đề còn lại là Nhà nước dùng thuế hiệu quả đến đâu thôi.
12/28/2025 18:25,Nữ,40 - 49,Thành thị,Đại học,"Khu vực chính thức (Có Hợp đồng lao động, đóng BHXH)",Trên 102 triệu VNĐ,1 người,8,"Thực tế cơ quan thuế dễ dàng phát hiện hạng vi gian lận thuế không phải đến từ các qui định của Luật Thuế TNCN mà đến từ cách triển khai, tuyên truyền ở bước thực thi: áp dụng công nghệ, data cross - check,  thanh tra thuế, CQĐT .",9,"Khuyến khích hành vi tiêu dùng cashless của cá nhân, siết chặt các giao dịch cash của hộ kinh doanh cá thể và DN",5,"Trang web cau co quan thue vẫn chưa hỗ trợ chức năngtruy suất thông tin lịch sử về hồ sơ kê khai và nộp thúe cá nhân ( chỉ kiểm tra được các thông tin cơ bản, không thể hiênn chi tiết như Canada/ Mỹ)",8,Bậc tính thuế ít hơn --> tính toán đơn giản hơn.,5,"Không có cơ sở để tin việc này, vì hiện nay các loại dữ liệu để support cơ quan thuế kiểm tra việc tuân thủ thuế chưa đồng bộ giữa các địa phương và các ngành --> nên nếu công dân nào làm trong lĩnh vực buộc phải tuân thủ thì tuân thủ, sống ở địa phương nào mà cơ quan thuế làm gắt hơn thi sẽ
nộp thuế đầy đủ hơn..",5,"Mức thuế hợp lý nhưng nói công bằng thì không hẳn, nhưu đã nói trên, tuỳ vào linh  vực và địa bàn sinh sống thì mức độ nộp thuế khác nhau ( do cơ quan thực thi quyết định)",5,"Luật ngân sách của VN không phản ánh được điều này, đại biểu QH VN không có nhiều cơ hội để phản biện ngân sách QG một cách phù hợp",6,"Theo quy định của Luật Ban hành VB pháp luật, Bộ TC đã giải thích đầy đủ nhưng không thuyết phục.",9,Tôi không có cơ hội để không tuân thủ
12/29/2025 11:17,Nam,25 - 29,Thành thị,Đại học,"Khu vực chính thức (Có Hợp đồng lao động, đóng BHXH)",Từ 12 - 18 triệu VNĐ,1 người,9,"Quy định hiện nay chưa có biện pháp chế tài cũng như kiểm soát được giao dịch dòng tiền của cá nhân có phải là thu nhập hay không.
Chưa có quy định cụ thể thu nhập từ tiền lương, tiền công phải bắt buộc chuyển khoản qua tài khoản ngân hàng công ty, dẫn đến thu nhập thực tế cao hơn so với mức công ty kê khai.",10,Đồng ý vì Nhà nước và cơ quan thuể có đủ công cụ để thực thi.,4,"Hiên nay, đang khuyến khích, triển khai cá nhân sử dụng app Etax mobile để thực hiện việc nộp thuế, hoàn thuế thu nhập cá nhân. Tuy nhiên, hiện tại app vẫn chưa đầy đủ chức năng (kê khai thuế, thay đổi thông tin cá nhân, hủy mã số thuế không đúng, đăng ký người phụ thuộc,...) để đảm bảo thực hiện các thủ tục, thao tác so với trang thuedientucanhan của Cục Thuế.
Do quy định phân cấp, phân quyền nên chưa được đồng bộ quy trình đối với cùng cấp thuế (Thuế cơ sở,...). Đơn vị thì làm việc trực tiếp, đơn vị làm việc qua zalo, mail, điện thoại, đơn vị chỉ làm việc trên hệ thống mà không có thông tin cán bộ quản lý thuế, gây khó khăn trong việc xử lý.",5,"Chỉ thay đổi bậc thuế, đối với cách tính, cách thực hiện vẫn như cũ. ",10,Đồng ý vì Nhà nước đang triển khai các chính sách bao trùm.,10,Đồng ý. Tôi cảm thấy mình đóng thuế ít hơn so với trước đây.,10,"Đồng ý vì Nhà nước đang triển khai nhiều dự án, công trình mang lại lợi ích cho người dân.",10,Đồng ý. Thông tin đã được truyền thông rộng rãi qua báo đài.,10,Đồng ý. Vì đó là nghĩa vụ của công dân và tôi tin chính sách mới tốt hơn nên sẽ tuân theo.
12/29/2025 15:53,Nữ,30 - 39,Thành thị,Đại học,"Khu vực chính thức (Có Hợp đồng lao động, đóng BHXH)",Từ 32 - 48 triệu VNĐ,1 người,9,"Với thuế TNCN từ tiền lương, tiền công thì trước khi QH sửa đổi để cải cách biểu thuế, tình trạng gian lận đã rất ít xảy ra. Nếu như có thì chỉ ở đối tượng thuộc diện tự QTT trực tiếp với CQT, còn nếu QTT với công ty thì khó gian lận",10,"eTax đang liên thông dữ liệu giữa CQT, BHXH và tờ khai của DN khá tốt để đối chiếu cơ sở dữ liệu này",10,"eTax đang liên thông dữ liệu giữa CQT, BHXH và tờ khai của DN khá tốt để đối chiếu cơ sở dữ liệu này",10,"Tính thuế thì có công thức sẵn để tính, quan trọng là tính đúng hay sai",10,Không nhận ra sự khác biệt giữa quan điểm thực thi của Luật sửa đổi này với trước đây,8,Phần cập nhật GTGC và NPT đã có bậc tiệm cận với mức sống của thành thị,9,"Đất nước đang vươn mình và chống tham nhũng, lãng phí. Thì tiền thuế đổ vào đầu tư công để phát triển đất nước cũng hợp lý",9,Tranh luận rất sôi nổi trên báo chí và các diễn đàn MXH cả năm nay,9,Không nhìn ra có khía cạnh nào chưa tốt ở biểu thuế luỹ tiến hết
12/30/2025 21:05,Nam,30 - 39,Thành thị,Đại học,"Khu vực chính thức (Có Hợp đồng lao động, đóng BHXH)",Trên 102 triệu VNĐ,3 người,3,Quy định về quản lý thuế TNCN chưa có cơ chế thực thi và giám sát chặt. Ví dụ người lao động được người sử dụng lao động cho ESOP được yêu cầu phải nộp thuế khi bán cổ phiếu nhưng hoàn toàn dựa trên tự nguyện khai báo của người lao động và cũng chưa có cách thức để giám sát cổ phiếu được mua vào bán ra là cổ phiếu ESOP,5,"Nhà nước có khả năng phát hiện và xử lý hành vi trốn thuế nhưng chỉ là manual, case by case; chưa có tính hệ thống và truy vết theo batch. Đã biết nhiều case nhà nước có thể trực tiếp truy thu thuế từ tài khoản ngân hàng của người trốn thuế mà người trốn thuế chỉ biết khi đã bị trừ tiền. Tuy nhiên, tôi tin rằng đây là những trường hợp lọt vào tầm ngắm của cơ quan do giàu có, nổi tiếng, tố cáo",9,"Đồng ý, với ứng dụng eTax việc tra cứu thuế, nộp thuế thuận tiện bao gồm cả thuế kinh doanh, thuế bán tài sản, thuế trước bạ",1,"chỉ thay đổi các tham số và bậc, cách tính ko thay đổi",3,thay đổi tham số ko làm thay đổi các ứng xử của cơ quan thuế,7,"tôi thấy phương án giảm trừ gia cảnh mới phù hợp hơn với thực tế đời sống nhưng vẫn chưa phản ánh đúng, đặc biệt là mức sống rất khác nhau theo vùng miền",2,tôi ko rõ tiền thuế được sử dụng như thế nào,6,tôi không tìm thấy nhiều thông tin về lý do và mục tiêu sửa đổi,8,tôi đóng ít hơn nên tôi ủng hộ :)
12/31/2025 9:15,Nữ,30 - 39,Thành thị,Sau Đại học,"Khu vực chính thức (Có Hợp đồng lao động, đóng BHXH)",Từ 32 - 48 triệu VNĐ,0 người,8,"Các quy định quản lý thuế hiện nay được sửa đổi chặt chẽ hơn, nhưng có thể chưa đủ mức kiểm soát 100% đối với hành vi gian lận tinh vi.",8,"Nhà nước, cơ quan thuế đang tăng cường khả năng và công nghệ để phát hiện, xử lý nghiêm các hành vi trốn thuế, nhưng có thể chưa đủ mức phát hiện 100% đối với hành vi gian lận tinh vi.",5,Các thủ tục chuyển từ trực tiếp sang trực tuyến thì nhanh chóng hơn. Nhưng vì các thủ tục kiểm soát được tăng cường nên có thể không đơn giản hơn.,10,Đối với riêng cá nhân thì tôi thấy dễ thực hiện hơn vì biểu thuế ít bậc hơn.,8,"Chính sách thuế của Nhà nước luôn có mục tiêu khách quan, công tâm và đối xử bình đẳng với mọi người nộp thuế. Nhưng người thực thi là cá nhân, cũng giống như mọi công dân sẽ có thiên kiến riêng của mình.",8,Tôi thấy công bằng ở mức độ tương đối. Nếu so sánh với biểu thuế cũ thì biểu thuế mới được sửa đổi tốt hơn rồi.,8,"Tôi nhận thấy Nhà nước đã nỗ lực sử dụng nhiều nguồn ngân sách để đầu tư công, phát triển cơ sở hạ tầng và cải thiện đời sống người dân gần đây trong năm 2025. Tuy nhiên, việc đánh giá hiệu quả chưa có KPI rõ ràng để xem xét.",8,"Nhà nước đã truyền thông rõ ràng, minh bạch về lý do và mục tiêu của việc sửa đổi thuế lần này một cách tương đối. ",10,Tôi thấy chính sách mới có hướng sửa đổi tích cực so với trước đây nên ủng hộ và tuân thủ chính sách mới.
1/1/2026 14:28,Nữ,30 - 39,Thành thị,Đại học,"Khu vực chính thức (Có Hợp đồng lao động, đóng BHXH)",Từ 32 - 48 triệu VNĐ,2 người,9,"Đô thị là nơi tập trung kinh tế, tại đó giao dịch thanh toán phần lớn bằng điện tử, các dấu vết dễ dàng truy xuất, lưu lại dấu vết. Hoá đơn cũng bắt buộc xuất điện tử. Chế tài xử phạt tăng, điều tra xử lý vi phạm trên diện rộng đã tăng tính răn đe.",7,"Khi điều tra sẽ phát hiện, nhưng nguồn lực và công nghệ để rà soát toàn bộ hoạt động kinh tế ở giai đoạn hiện tại thì chưa",5,Ko biết do tôi chưa từng làm thủ tục,5,"Câu hỏi chưa rõ. Dễ tính - dễ thực hiện với ai? Với người làm ctac khấu trừ thuế hay với cơ quan nhà nước?nếu với người lao động bình thường thì do tôi ko tự đọc quy định, ko tự tính nên ko biết có dễ hiểu ko, tôi sẽ hỏi chat GPT hoặc các web và nhập số liệu chờ kết quả. Tôi cũng ko phải người tính thuế ở cty nên ko biết so vs trước đây dễ hay khó hơn.",5,"Nếu đối với những người cùng đối tượng chịu thuế tại cùng khu vực sống sẽ bình đẳng, nhưng giữa người làm công với người kinh doanh nhỏ lẻ thì ko biết vì tôi ko tìm hiểu quy định, giữa người sống ở thành thị với nông thôn ko biết có áp dụng hệ số và chênh lệch theo chi phí sinh hoạt hay ko, nếu ko thì ko bình đẳng",9,"Số thuế nhỏ , phù hợp để đóng góp 1 chút cho ngân sách nn",6,"Chiến lược cải cách đang thực hiện trên diện rộng, tôi tin chính sách chung là đúng đắn nhưng ko biết năng lực thực thi của cả hệ thống có đáp ứng đc ko, lãnh đạo đất nước ko phải người đc đào tạo bài bản về kinh tế, ko tin lắm sẽ làm đc",6,"Ko nghe, ko đọc giải thích nên ko biết",9,Tôi đóng ít hơn và phù hợp thì ủng hộ thôi
1/1/2026 20:53,Nữ,40 - 49,Thành thị,Sau Đại học,"Khu vực chính thức (Có Hợp đồng lao động, đóng BHXH)",Trên 102 triệu VNĐ,2 người,4,"Tôi không thấy nhà nước có giải pháp truy thu thuế hiệu quả, cụ thể là tình trạng trốn thuế/đóng thuế không đúng theo quy định vẫn diễn ra. Ngoài ra, như báo đài đưa tin, 1 số truong hợp người Việt không được thông quan khi đi nước ngoài chỉ vì chưa hoàn tất nợ thuế . Tuy nhiên số nợ đó họ không hề biết đến => chứng tỏ bộ máy quản lý đang còn rất lỏng lẻo.",6,"Điểm này tôi đồng ý, quan trọng Nhà nước có tiến hành làm 1 cách triệt để hay không. Vấn đề chủ yếu theo tôi xuất phát từ nguồn nhân lực quản ly bên Thuế (khả năng quản lý, tính chịu trách nhiệm, kế hoạch triển khai - bao gồm cả vấn đề truyền thông đến người nộp thuế)",5,"Có sự thay đổi nhưng vấn đề về thủ tục giấy tờ vẫn còn nhiêu khê, chưa có tính thống nhất. Chưa hoàn toàn automation mà vẫn phải làm đơn từ thông qua in writing. Ví dụ: hằng năm, công ty tôi vẫn yêu cầu từng nhân viên điền & ký giấy tờ xác nhận uỷ quyền khai báo, confirm chỉ có 1 nguồn thu nhập, rồi từ đó Hr mới có cơ sở làm thủ tục => tại sao đã có phần mềm etax mà không tận dụng? Ngoài ra, Nhà nước đang sử dụng quá nhiều app. Tại sao không tích hợp thông tin tax vào app vssid để tiện quản lý?",6,Đồng ý. Việc giảm thiểu bớt số bậc tính thuế giúp dễ nhớ & dễ tính toán. ,4,"Cho đến khi các hành vi tiêu cực, bao gồm cách thức quản lý lỏng lẻo còn diễn ra thì sự công tâm, bình đẳng sẽ không thể tồn tại",5,"Trên thực tế với mức lương như tôi đang hưởng, mức giảm trừ thuế theo quy định mới không giúp giảm được nhiều",4,"Mức độ đồng ý của tôi khá thấp, vì tôi không thấy các thông tin này được công khai rộng rãi, nên tôi ko rõ phần thuế mình đóng được Nhà nước sử dụng như thế nào. Chưa kể việc ăn chặn tiền Thuế của 1 số cán bộ khiến tôi không thể đặt sự tin tưởng được. ",5,"Neutral. Tôi đồng ý trong các văn bản hiện hành (bao gồm báo đài) thông tin rất rõ ràng. Tuy nhiên, tính minh bạch, rõ ràng còn thể hiện qua mức độ truyền thông tin của Nhà nước đến với người lao động. Tôi đánh giá chưa thật sự hiệu quả. Tôi tin ở thời điểm hiện tại, vẫn có những người chưa hề hay biết về mục đích, tinh hiệu quả của sự thay đổi này. ",5,"Tôi vẫn sẽ tuân thủ nhưng tôi mong nhà nước cần đánh giá lại cách tính thuế với những người có mức lương như tôi. Tôi nhận thấy người làm công ăn lương khi tuân thủ các nghĩa vụ đóng các khoản theo quy định nhà nước, nhưng khi hưởng chỉ được hưởng ở 1 mức nhất định. Ví dụ bảo hiểm thất nghiệp maximum là 12 tháng dù đi làm 12 năm hay 15 năm. Vậy tại sao đối với thuế thu nhập, không áp dụng mức trần phù hợp với người làm công ăn lương, để những người như chúng tôi cảm thấy nhẹ nhàng hơn khi đóng thuế."
1/2/2026 7:14,Nam,30 - 39,Thành thị,Sau Đại học,"Khu vực chính thức (Có Hợp đồng lao động, đóng BHXH)",Từ 48 - 70 triệu VNĐ,1 người,7,"Thời gian gần đây Nhà nước bắt đầu có sự gay gắt hơn trong việc truy thu thuế, đặc biệt hộ kinh doanh (bao gồm offline & online), đồng thời đưa ra nhiều quy định để kiểm soát chặt vấn đề này từ năm 2026. ",6,"Nhìn chung, trong 2-3 năm trở lại đây, Nhà nước đã đầu tư khá nhiều vào công nghệ nhằm hỗ trợ cho các thủ tục hành chính trở nên tiện lợi hơn, ví dụ như etax nên tôi đồng ý với nhận định này. Tuy nhiên, Nhà nước cần tận dụng tối đa tính năng của ứng dụng trong việc quản lý thuế, tránh việc nửa online nửa offline như hiện tại.",6,So với trước đây thì đúng là thủ tục có phần đơn giản hơn nhưng chỉ ở mức tạm chấp nhận. ,8,Việc giảm thiểu số bậc thuế giúp cho việc tính toán trở nên đơn giản và nhanh chóng,6,"Các thay đổi gần đây dù ít hay nhiều đều mang lại tín hiệu tích cực, đặc biệt việc thay đổi mức giảm trừ gia cảnh & người phụ thuộc giúp giảm thiểu gánh nặng tài chính cho người lao động có thu nhập thấp nên tôi đồng ý với câu này. ",6,Dù giảm không quá nhiều nhưng tôi vẫn cảm thấy hài lòng với sự thay đổi này.,5,"Ở phần này tôi cần Nhà nước đưa ra thông tin minh bạch hơn vì hiện tôi không biết nhà nước đang thu bao nhiêu, chi bao nhiêu, tỷ trọng chi như thế nào.",6,Phần này tôi có đọc qua các thông tin trên báo đài nên thấy mọi thứ đều rõ ràng. ,7,Việc thay đổi thuế TNCN đâu đó giúp cho chính tôi và cả nhân viên bên dưới cảm thấy nhẹ gánh trong việc đóng thuế. Mặc dù mọi việc đều có 2 mặt nhưng tổng quan chung đây vẫn là 1 chính sách tốt từ phía Nhà nước đối với người lao động.
1/2/2026 8:49,Nam,25 - 29,Thành thị,Sau Đại học,"Khu vực chính thức (Có Hợp đồng lao động, đóng BHXH)",Từ 32 - 48 triệu VNĐ,0 người,8,cơ quan thuế có nhiều dữ liệu để truy xuất và quản lý hơn,6,"công nghệ có thể đủ, còn về khả năng tôi không chắc",7,Không rõ do tôi chưa thực hiện bao giờ. ,8,Đồng ý. Các bậc giảm đơn giản hơn trước.,7,"Dựa vào dữ liệu quá khứ, tôi cảm thấy chưa đủ thuyết phục Nhà nước, cơ quan thuế thực thi khách quan, công bằng.",6,Quyền lợi đi kèm chưa phù hợp so với mức thuế phải đóng.,6,Không thấy rõ số tiền thuế này được sử dụng hiệu quả thế nào.,8,Đồng ý. Tôi thấy nhà nước có truyền thông rõ ràng trên báo chí.,8,Đồng ý theo góc độ tuân thủ của công dân.
1/2/2026 10:42,Nữ,30 - 39,Thành thị,Đại học,"Khu vực chính thức (Có Hợp đồng lao động, đóng BHXH)",Từ 70 - 102 triệu VNĐ,1 người,7,Tôi chưa thấy cách quản lý thuế của các nguồn thu nhập không chính thức hoặc từ nước ngoài không qua hợp đồng lao động,7,Tương tự câu trước.,6,Khi có vấn đề liên hệ với cơ quan thuế vẫn còn rất khó khăn.,6,Đơn giản hơn về từ 7 còn 5 bậc. Nguyên tắc tính cũng tương tự trước nên không thể kết luận là dễ hiểu hơn và dễ thực hiện hơn.,5,Để kết luận được điều này cần nhiều dữ liệu hơn.,6,Cần thêm dữ liệu và cần biết là đang so sánh với điều gì để kết luận là công bằng hay không. Hiện tại chỉ có thể kết luận là mức đóng ít hơn thì thích hơn.,3,Tôi chưa thấy sự minh bạch trong việc sử dụng tiền thuế của dân.,5,Tôi chưa chủ động tìm hiểu nhà nước đã giải thích những gì về đợt sửa đổi thuế lần này. Nếu là minh bạch thì theo tôi kênh truyền thông của nhà nước nên mạnh hơn và tiếp cận người nghe rộng rãi hơn.,8,"Ngoài việc tuân thủ, dường như không còn lựa chọn nào khác."
1/2/2026 14:26,Nữ,40 - 49,Thành thị,Sau Đại học,"Khu vực chính thức (Có Hợp đồng lao động, đóng BHXH)",Trên 102 triệu VNĐ,2 người,5,"trên thực tế còn nhiều trường hợp trốn/né thuế khá tinh vi, và sự thiếu minh bạch của chính cán bộ xử lý nên dù cơ quan quản lý có nỗ lực để siết chặt nhưng chưa đến mức ""dễ dàng bị phát hiện"" và ""xử lý nghiêm minh""",5,mặc dù cơ quan quản lý đã có những nỗ lực ứng dụng công nghệ vào việc quản lý và giám sát nhưng còn bị hạn chế ở nguồn lực - nhân sự thực hiện - năng lực triển khai một cách đồng bộ trên toàn hệ thống.,5,"mặc dù đã và đang đẩy mạnh các thủ tục thực hiện online nhưng còn nhiều bước và nhiều loại giấy tờ thủ tục, doanh nghiệp bắt buộc vẫn phải liên hệ trực tiếp cán bộ thuế. ",5,"không quan tâm lắm, việc tính toán này đã có người khác làm",5,"hi vọng là vậy, e rằng sẽ vẫn tồn tại sự khác biệt/cách biệt trong việc hiểu và vận dụng chính sách thuế ở các địa phương",5,đành phải chấp nhận vì trước nay đã có tổ chức/hiệp hội/đại biểu quốc hội nào thành công trong việc thuyết phục sự diều chỉnh đâu. Còn nhiều khoản chi phí thực tế cũng như các ngưỡng chịu thuế cần được tính toán và xem xét. ,5,"hi vọng là thế, cần có cơ quan giám sát tách bạch và có cơ chế minh bạch/giải trình về việc sử dụng tiền thuế vào các dịch vụ công nào, định kỳ hàng năm trước đại diện người dân ",5,"không phản đối cũng không hoàn toàn đồng ý, cơ bản là nhà nước truyền thông cũng đủ và tạo diễn đàn tranh luận cũng ở mức vừa đủ khi điều chỉnh chính sách về thuế TNCN, không quá khó hiểu hay phức tạp với mặt bằng chung người dân. Nhưng nó vừa đủ với dân trí thức là chính, còn phần đông người dân còn lại thì không nắm được gì nhiều.",5,"sẵn sàng tuân thủ vì không có lựa chọn, tuy nhiên tôi cũng k phản đối, chỉ hi vọng trong tương lai sẽ có nhiều chính sách đc cải thiện"
1/2/2026 16:45,Nữ,30 - 39,Thành thị,Đại học,"Khu vực chính thức (Có Hợp đồng lao động, đóng BHXH)",Từ 32 - 48 triệu VNĐ,1 người,5,"Với nhóm thu nhập từ tiền lương, tiền công, cơ chế khấu trừ tại nguồn và hóa đơn – chứng từ điện tử giúp tăng tính minh bạch, nên trốn thuế ‘thô’ sẽ khó hơn và khả năng bị phát hiện cao hơn. Tuy nhiên, ở các nguồn thu khác—nhất là giao dịch tài sản, thu nhập đa nguồn hoặc cấu trúc giao dịch phức tạp—rủi ro gian lận vẫn tồn tại do hạn chế về liên thông dữ liệu, định danh chủ thể hưởng lợi cuối cùng và khả năng theo dõi dòng tiền. Vì vậy, phát hiện được hay không còn phụ thuộc vào mức độ liên thông dữ liệu và năng lực kiểm tra theo rủi ro",8,"Với công nghệ hiện tại và việc kiểm soát dữ liệu các nhân khá chặt chẽ thông qua VNeID, nhà nước có thể phát hiện các hành vi trốn thuế và xử lý. Mức độ nghiêm khắc sẽ cần tùy thuộc vào tình huống để đánh giá.",8,"(Câu trả lời được dựa trên quá trình khai thuế trước 1/5/2025) Việc khai báo thuế hiện nay có thể thực hiện qua ứng dụng etax khá tiện lợi, cá nhân nộp thuế không cần mất thời gian đến cơ quan thuế để làm thủ tục, do đó, quy trình khai báo thuế, nộp thuế đã giảm được thời gian cũng như không cần phải tiếp xúc nhiều với cán bộ thuế, tránh những mâu thuẫn xảy ra trong quá trình làm thủ tục. Thủ tục khai thuế của năm 2024 cũng cải thiện hơn trước đó nhiều khi cá nhân nộp thuế không phải tự tìm các giấy tờ nộp thuế liên quan mà đã được tích hợp sẵn. Tuy nhiên, quá trình phản hồi trên hệ thống online chậm hơn kỳ vọng (mất hơn 7 ngày). Vấn đề nộp/nhận thuế qua ngân hàng cũng giới hạn ở các ngân hàng liên kết như BIDV mà không mở cho tất cả các ngân hàng khác,",8,"Nhìn chung, cách tính thuế và các bậc thuế trong phương án mới đơn giản và dễ hiểu hơn vì đã giảm từ 7 bậc thuế xuống còn 5 bậc. Đơn giản hơn vì mức thu nhập chịu thuế không bị xé nhỏ ra để tính mức thuê TNCN và khoảng thu nhập để nhảy bậc cũng rộng hơn, do đó, người nộp thuế ở bậc 2, bậc 3 có thể giảm bớt nỗi lo về việc thu nhập tăng thêm không đáng kể nhưng mức thu nhập chịu thuế thì tính ở 1 mức khác. 
- Về tính dễ thực hiện: Cách tính thuế và biểu thuế mới sẽ nhìn chung sẽ dễ thực hiện với người nộp thuế có 1 nguồn thu nhập và mức thu nhập hàng tháng từ dưới 40 triệu, nghĩa là bậc thuế sẽ nằm ở mức 1 và 2 do đây là 2 mức có khoản thuế phải đóng từ 5-10%. Đối với những cá nhân có khoản thu nhập chịu thuế ở bậc 3, 4 và 5, cách tính thuế này có thể sẽ gây khó thực hiện do mức thuế từ 20%-35% là rất cao. Điều này dễ dẫn đến việc các cá nhân nộp thuế sẽ chuyển thu thập ....",5,"Bản thân quy định đã chưa thể hiện sự công tâm và bình đẳng với mọi người nộp thuế. Do đó, khi thực thi, cơ quan thuế sẽ dễ dàng thực thi chính sách với những người lao động có 1 nguồn thu nhập tại các doanh nghiệp. Đối với người có nhiều nguồn thu nhập ngoài tiền lương như thu nhập từ đầu tư vốn, chuyển nhượng bất động sản thì việc quản lý nguồn thu nhập sẽ khó hơn cũng như mức thuế đang thấp hơn nhiều so với khấu trừ thuế từ tiền lương. Điều này dẫn đến hành vi cơ quan thuế sẽ đẩy mạnh việc thu thuế đối với những cá nhân có mức thu nhập thấp và trung bình thấp do có nguồn thu cố định và dễ thu, dễ quản lý trong khi bỏ qua những cá nhân có mức thu nhập cao khác. Tóm lại, ai đi làm công ăn lương mà ký hợp đồng lao động là đối tượng phải chấp hành nhiều nhất",3,"Mức đóng thuế hiện này chưa cân nhắc đến 2 yếu tố: (1) lạm phát; (2) điều kiện kinh tế xã hội từng vùng. Mặc dù mức giảm trừ gia cảnh tăng, biểu thuế thay đổi theo hướng giảm gánh nặng, nhưng mức tăng này chưa tương xứng với mức lạm phát hiện nay. Thu nhập bình quân của VN ở mức 8,1 triệu/tháng và hàng năm đều lương cơ bản đều tăng nhưng tăng lương cơ bản để bù đắp với lạm phát. Hay nói cách khác là thu nhập thực, sức mua hàng hóa của người dân là không thay đổi trong khi thu nhập danh nghĩa - mức thu nhập được căn cứ để tính thuế lại tăng. Bên cạnh đó, người ở khu vực thành thị, đặc biệt các thành phố như HN-HCM sẽ phải chịu các chi phí về nhà ở/giá thuê, y tế, giáo dục cao hoen nhiều hơn nhiều so với khu vực nông thôn hoặc các tỉnh thành nhỏ khác. Giá nhà ở HN, HCM so với các tỉnh khác là một ví dụ",3,"Nhà nước chưa công bố phân bổ đầu tư công cho các lĩnh vực/dịch vụ công mà chủ yếu liệt kê các dự án trọng điểm mà vốn đầu tư công sẽ ưu tiên. Cách truyền thông và minh bạch dữ liệu này không chứng minh được việc nhà nước sẽ sử dụng tiền thuế cho việc cải thiện các dịch vụ công. Trên thực tế, chỉ các bệnh viện tuyến tỉnh hoặc bệnh viện đa khoa ở TP lớn được phân bổ ngân sách để sửa chữa, cải tạo, trong khi các bệnh viện tuyến huyện (trước sát nhập) - nơi gần người dân và người yếu thế hơn thì hầu như không được phân bổ ngân sách để xây mới trong khi nhiều cơ sở đã xuống cấp.",7,"Nhà nước đã nêu khá rõ mục tiêu của sửa đổi thuế là để giảm gánh nặng thuế, tuy nhiên, việc triển khai sao cho minh bạch thì chưa được đề cập rõ ràng. Hầu hết các bài viết, bài báo  liên quan đền chỉ nhấn mạnh việc tăng mức GTGC, hạ biểu thuế mà chưa giải thích rõ ràng cách áp dụng như thế nào. Đơn cử các khoản chi cho y tế, giáo dục - đào tạo của người nộp thuế và người phụ thuộc là một trong các khoản được miễn giảm thuế nhưng chưa được hướng dẫn cụ thể.",7,"Ủng hộ 1 phần vì định hướng của Nhà nước cho thấy có mục tiêu giảm gánh nặng cho người nộp thuế nhưng thực tế, chính sách này chưa thể hiện sự công tâm, bình đẳng như truyền thông nêu ra. Về việc tuân thủ: mặc dù không ủng hộ hoàn toàn nhưng sẽ tuân thủ do tôn trọng pháp luật và cũng không có cách nào khác ngoài việc tuân thủ ^_^"
1/2/2026 17:39,Nữ,40 - 49,Thành thị,Đại học,"Khu vực chính thức (Có Hợp đồng lao động, đóng BHXH)",Từ 12 - 18 triệu VNĐ,2 người,8,"rõ ràng, minh bạch hơn",8,"quản lý cơ sở dữ liệu khoa học, hiện đại hơn",8,"đã có thủ tục hành chính rõ ràng cụ thể, dịch vụ hành chính công",8,có phương án tính rõ ràng,8,"vì chính sách, quy định, thủ tục minh bạch, rõ ràng, công khai",8,người thu nhập như tôi đóng mức này là hợp lý,9,Nhà nước đang sử dụng rất hiệu quả để cải thiện hàng hoá công và dịch vụ công,8,"giải thích rõ ràng, công khai trên các phương tiện truyền thông",10,tôi ủng hộ và tuân thủ chính sách thuế của Nhà nước
