Giới tính của bạn:,Độ tuổi của bạn:,Trình độ học vấn cao nhất:,Tình trạng việc làm chính:,"Thu nhập bình quân tháng theo Hợp đồng lao động của bạn là bao nhiêu? (Vui lòng điền tổng thu nhập trước khi khấu trừ các loại Bảo hiểm (BHXH, BHYT, BHTN) và Thuế TNCN)","Số người phụ thuộc (con nhỏ, cha mẹ già...) đủ điều kiện giảm trừ gia cảnh:","Tôi tin rằng với các quy định quản lý thuế hiện nay, hành vi gian lận hoặc trốn thuế sẽ dễ dàng bị phát hiện và xử lý nghiêm. - HUMAN-ENF1","Tôi tin rằng Nhà nước, cơ quan thuế có đủ khả năng và công nghệ để phát hiện, xử lý nghiêm các hành vi trốn thuế. - HUMAN-ENF2","Các thủ tục khai báo thuế VÀ/HOẶC quy trình làm việc với cơ quan thuế đơn giản, tiện lợi, nhanh chóng hơn so với trước đây. - HUMAN-FAC1","So với trước đây, tôi thấy cách tính thuế và các bậc thuế trong phương án mới đơn giản, dễ hiểu và dễ thực hiện hơn. - HUMAN-FAC2","Tôi tin rằng Nhà nước, cơ quan thuế sẽ thực thi chính sách mới một cách khách quan, công tâm và đối xử bình đẳng với mọi người nộp thuế.  - HUMAN-TRU1",Tôi thấy mức thuế tôi phải đóng theo phương án mới là công bằng (người thu nhập như tôi đóng mức này là hợp lý). - HUMAN-TRU2,"Tôi tin tưởng số tiền thuế tôi đóng sẽ được Nhà nước sử dụng hiệu quả để cải thiện dịch vụ công (y tế, đường xá...). - HUMAN-TRU3","Tôi thấy Nhà nước đã giải thích rõ ràng, minh bạch về lý do và mục tiêu của việc sửa đổi thuế lần này. - HUMAN-TRU4","Sau khi xem xét các quyền lợi và nghĩa vụ, bạn có ủng hộ và tuân thủ chính sách mới hiện nay? - HUMAN-OUT1"
Nữ,46,Đại học,Chính thức,253928090.5,1,,,,,,,,,
Nam,51,Đại học,Chính thức,206796161,1,,,,,,,,,
Nam,30,Thạc sĩ - Tiến sĩ,Chính thức,19243534.04,3,,,,,,,,,
Nữ,42,Khác,Chính thức,22089282.02,2,,,,,,,,,
Nam,51,THPT,Chính thức,38625814.71,3,,,,,,,,,
Nam,27,Đại học,Chính thức,31576295.32,2,,,,,,,,,
Nữ,27,Đại học,Chính thức,23080074.49,1,,,,,,,,,
Nữ,41,Đại học,Chính thức,26859458.87,3,,,,,,,,,
Nam,48,Thạc sĩ - Tiến sĩ,Chính thức,41273044.69,2,,,,,,,,,
Nữ,47,Đại học,Chính thức,31969985.76,2,,,,,,,,,
Nữ,46,Khác,Chính thức,14568558.27,2,,,,,,,,,
Nữ,47,Đại học,Chính thức,14597275.31,1,,,,,,,,,
Nam,48,Đại học,Chính thức,28299156.53,2,,,,,,,,,
Nữ,58,THPT,Phi chính thức,16942369.89,2,,,,,,,,,
Nam,32,Đại học,Chính thức,22952203.6,3,,,,,,,,,
Nữ,33,Đại học,Chính thức,15133294.13,3,,,,,,,,,
Nam,35,Khác,Phi chính thức,12405763.01,4,,,,,,,,,
Nam,50,Cao đẳng - Trung cấp nghề,Chính thức,21525036.21,5,,,,,,,,,
Nữ,22,THPT,Chính thức,22461618.04,2,,,,,,,,,
Nam,26,THPT,Chính thức,19973618.87,2,,,,,,,,,
Nam,39,Khác,Phi chính thức,14642164.07,3,,,,,,,,,
Nữ,42,THPT,Chính thức,14714397.73,2,,,,,,,,,
Nữ,21,THPT,Chính thức,16238753.31,2,,,,,,,,,
Nữ,20,THPT,Chính thức,14704890.72,4,,,,,,,,,
Nam,41,THPT,Chính thức,12583553.86,3,,,,,,,,,
Nữ,38,THPT,Chính thức,12583553.86,2,,,,,,,,,
Nam,45,THPT,Chính thức,12424188.96,4,,,,,,,,,
Nữ,39,Đại học,Chính thức,20541692.53,3,,,,,,,,,
Nam,44,Đại học,Chính thức,31444079.31,3,,,,,,,,,
Nam,31,Đại học,Chính thức,13938645.5,3,,,,,,,,,
Nam,38,Đại học,Chính thức,19579867.58,6,,,,,,,,,
Nam,27,Đại học,Chính thức,16822993.24,5,,,,,,,,,
Nữ,30,Đại học,Chính thức,15696559.84,3,,,,,,,,,
Nam,30,Đại học,Phi chính thức,13216798.98,2,,,,,,,,,
Nam,34,Khác,Phi chính thức,16133000.1,6,,,,,,,,,
Nữ,31,THPT,Chính thức,14005586.59,2,,,,,,,,,
Nam,36,THPT,Chính thức,15132706.07,2,,,,,,,,,
Nam,25,Đại học,Chính thức,23080695.22,3,,,,,,,,,
Nam,40,THPT,Chính thức,16691855.34,5,,,,,,,,,
Nữ,46,Đại học,Chính thức,21842747.78,2,,,,,,,,,
Nam,47,THPT,Chính thức,28693832.84,3,,,,,,,,,
Nam,41,Cao đẳng - Trung cấp nghề,Chính thức,17764088.99,4,,,,,,,,,
Nam,43,THPT,Chính thức,12991865.14,4,,,,,,,,,
Nữ,37,Đại học,Chính thức,37791201.12,1,,,,,,,,,
Nam,38,Đại học,Chính thức,125557943,2,,,,,,,,,
Nam,42,Thạc sĩ - Tiến sĩ,Chính thức,43362081.01,2,,,,,,,,,
Nữ,36,Thạc sĩ - Tiến sĩ,Chính thức,101573423.8,2,,,,,,,,,
Nam,52,Đại học,Chính thức,22000103.46,4,,,,,,,,,
Nữ,39,Đại học,Chính thức,25678168.47,3,,,,,,,,,
Nam,38,Đại học,Chính thức,43360335.2,3,,,,,,,,,
Nam,42,Cao đẳng - Trung cấp nghề,Chính thức,15033421.54,6,,,,,,,,,
Nam,38,THPT,Chính thức,13330000.98,3,,,,,,,,,
Nam,35,Đại học,Chính thức,32777351.02,3,,,,,,,,,
Nam,39,THPT,Chính thức,22462238.78,3,,,,,,,,,
Nam,36,Đại học,Chính thức,13291678.92,9,,,,,,,,,
Nam,36,Cao đẳng - Trung cấp nghề,Phi chính thức,16226011.96,4,,,,,,,,,
Nam,37,THPT,Chính thức,14092521.81,2,,,,,,,,,
Nữ,36,Đại học,Chính thức,27223682.77,2,,,,,,,,,
Nam,50,Khác,Chính thức,14637459.57,2,,,,,,,,,
Nữ,41,THPT,Chính thức,15696069.78,5,,,,,,,,,
Nữ,32,Cao đẳng - Trung cấp nghề,Chính thức,22238775.09,4,,,,,,,,,
Nam,24,THPT,Chính thức,33613943.2,4,,,,,,,,,
Nam,32,Đại học,Chính thức,20307572.94,2,,,,,,,,,
Nữ,46,Đại học,Chính thức,31576185.78,1,,,,,,,,,
Nam,27,Đại học,Chính thức,14128393.61,1,,,,,,,,,
Nữ,29,Thạc sĩ - Tiến sĩ,Chính thức,16356757.82,2,,,,,,,,,
Nữ,26,Đại học,Chính thức,13542291.48,5,,,,,,,,,
Nam,38,Đại học,Chính thức,12877585.02,5,,,,,,,,,
Nam,43,Khác,Phi chính thức,14456238.36,4,,,,,,,,,
Nam,50,THPT,Chính thức,14832304.22,4,,,,,,,,,
Nam,28,THPT,Chính thức,18025346.58,3,,,,,,,,,
Nữ,29,THPT,Chính thức,17566696.07,2,,,,,,,,,
Nam,25,Đại học,Chính thức,35910730.91,3,,,,,,,,,
Nữ,33,THPT,Chính thức,15995099.48,3,,,,,,,,,
Nam,38,THPT,Chính thức,16050965.4,4,,,,,,,,,
Nam,31,Đại học,Chính thức,15652749.19,1,,,,,,,,,
Nữ,30,Đại học,Chính thức,18524725.84,2,,,,,,,,,
Nam,36,THPT,Chính thức,15035283.74,6,,,,,,,,,
Nam,37,THPT,Chính thức,20072108.42,5,,,,,,,,,
Nam,44,THPT,Chính thức,14230618.45,2,,,,,,,,,
Nữ,43,Đại học,Chính thức,21047279.12,2,,,,,,,,,
Nữ,46,Thạc sĩ - Tiến sĩ,Chính thức,25677949.39,2,,,,,,,,,
Nam,48,Đại học,Chính thức,21841713.22,2,,,,,,,,,
Nam,39,Đại học,Chính thức,21167908.13,2,,,,,,,,,
Nữ,38,Đại học,Chính thức,15133392.14,2,,,,,,,,,
Nam,46,Đại học,Chính thức,65329236.5,3,,,,,,,,,
Nam,44,Thạc sĩ - Tiến sĩ,Chính thức,14082720.77,8,,,,,,,,,
Nam,35,Cao đẳng - Trung cấp nghề,Chính thức,23328470.93,4,,,,,,,,,
Nữ,39,Đại học,Chính thức,21223463.69,3,,,,,,,,,
Nam,41,Thạc sĩ - Tiến sĩ,Chính thức,30921349.55,3,,,,,,,,,
Nam,56,THPT,Chính thức,15015093.6,3,,,,,,,,,
Nam,37,Đại học,Chính thức,23327850.2,3,,,,,,,,,
Nam,41,Đại học,Chính thức,22090109.66,1,,,,,,,,,
Nữ,36,Đại học,Chính thức,17724100.75,2,,,,,,,,,
Nam,38,Đại học,Chính thức,14793786.14,2,,,,,,,,,
Nam,30,THPT,Phi chính thức,12879153.19,6,,,,,,,,,
Nam,24,THPT,Chính thức,14246300.11,5,,,,,,,,,
Nữ,32,Đại học,Chính thức,13777124.38,1,,,,,,,,,
Nam,32,Đại học,Chính thức,28431701.17,2,,,,,,,,,
Nam,50,Khác,Phi chính thức,19976619.08,4,,,,,,,,,
Nữ,27,Đại học,Chính thức,22436168.01,7,,,,,,,,,
Nữ,37,Đại học,Chính thức,19619904.82,2,,,,,,,,,
Nam,39,Đại học,Chính thức,16259531.51,2,,,,,,,,,
Nam,33,Đại học,Chính thức,21166977.03,2,,,,,,,,,
Nữ,33,Đại học,Chính thức,13442124.87,2,,,,,,,,,
Nam,34,Đại học,Chính thức,28431591.63,4,,,,,,,,,
Nữ,32,Đại học,Chính thức,17177594.83,1,,,,,,,,,
Nam,32,Đại học,Chính thức,22832609.15,2,,,,,,,,,
Nam,27,Cao đẳng - Trung cấp nghề,Chính thức,12574242.87,3,,,,,,,,,
Nam,27,Đại học,Chính thức,12540429.29,3,,,,,,,,,
Nam,24,Đại học,Chính thức,12583553.86,6,,,,,,,,,
Nữ,45,Đại học,Chính thức,17177888.86,2,,,,,,,,,
Nam,50,Đại học,Chính thức,17412329.71,2,,,,,,,,,
Nam,24,THPT,Chính thức,13562089.58,4,,,,,,,,,
Nữ,27,Đại học,Chính thức,14230912.48,2,,,,,,,,,
Nam,28,Cao đẳng - Trung cấp nghề,Chính thức,16034303.64,2,,,,,,,,,
Nam,26,Cao đẳng - Trung cấp nghề,Chính thức,15418406.35,4,,,,,,,,,
Nam,22,Cao đẳng - Trung cấp nghề,Chính thức,13325688.52,3,,,,,,,,,
Nam,36,Khác,Phi chính thức,13541899.44,5,,,,,,,,,
Nam,49,Đại học,Chính thức,17207193.96,6,,,,,,,,,
Nữ,31,THPT,Phi chính thức,27204732.17,4,,,,,,,,,
Nữ,32,THPT,Phi chính thức,15133000.1,7,,,,,,,,,
Nam,29,Khác,Chính thức,12497206.7,4,,,,,,,,,
Nam,51,Đại học,Phi chính thức,23713002.52,2,,,,,,,,,
Nam,57,THPT,Chính thức,13667646.77,3,,,,,,,,,
Nam,31,Khác,Chính thức,12872390.47,4,,,,,,,,,
Nam,35,Đại học,Chính thức,41411312.85,3,,,,,,,,,
Nam,43,Đại học,Chính thức,27203527.22,3,,,,,,,,,
Nữ,41,THPT,Chính thức,15695775.75,2,,,,,,,,,
Nữ,29,Đại học,Phi chính thức,12878467.12,4,,,,,,,,,
Nam,37,Đại học,Chính thức,24367071.97,2,,,,,,,,,
Nữ,36,Đại học,Chính thức,16238753.31,2,,,,,,,,,
Nữ,47,Đại học,Chính thức,19860852.47,3,,,,,,,,,
Nam,52,Đại học,Chính thức,16121336.86,2,,,,,,,,,
Nam,60,Đại học,Chính thức,15183475.45,2,,,,,,,,,
Nam,40,Đại học,Chính thức,102761782,4,,,,,,,,,
Nữ,39,Thạc sĩ - Tiến sĩ,Chính thức,55230664.18,5,,,,,,,,,
Nam,54,THPT,Chính thức,36816689.94,5,,,,,,,,,
Nữ,39,Đại học,Chính thức,12427619.33,2,,,,,,,,,
Nam,40,Đại học,Chính thức,19144216.84,2,,,,,,,,,
Nữ,37,THPT,Chính thức,14549348.23,5,,,,,,,,,
Nam,31,Cao đẳng - Trung cấp nghề,Chính thức,24558549.68,3,,,,,,,,,
Nữ,31,Đại học,Chính thức,24558549.68,2,,,,,,,,,
Nam,42,THPT,Chính thức,14175830.64,3,,,,,,,,,
Nữ,39,Cao đẳng - Trung cấp nghề,Chính thức,13150347.94,2,,,,,,,,,
Nữ,26,Đại học,Chính thức,13668332.84,3,,,,,,,,,
Nam,33,Đại học,Chính thức,16259629.52,3,,,,,,,,,
Nữ,28,Đại học,Chính thức,16034107.62,2,,,,,,,,,
Nữ,49,Đại học,Chính thức,57904034.76,3,,,,,,,,,
Nữ,48,Đại học,Chính thức,22697082.56,2,,,,,,,,,
Nam,49,Đại học,Chính thức,34311219.74,2,,,,,,,,,
Nam,40,Đại học,Chính thức,23216739.09,2,,,,,,,,,
Nữ,39,Đại học,Chính thức,15712045.48,2,,,,,,,,,
Nam,30,THPT,Phi chính thức,14177594.83,4,,,,,,,,,
Nam,32,Thạc sĩ - Tiến sĩ,Chính thức,14231696.56,3,,,,,,,,,
Nữ,27,Cao đẳng - Trung cấp nghề,Chính thức,18788226.77,4,,,,,,,,,
Nam,44,Thạc sĩ - Tiến sĩ,Chính thức,48248789.57,2,,,,,,,,,
Nữ,32,Thạc sĩ - Tiến sĩ,Chính thức,31577062.11,2,,,,,,,,,
Nữ,54,Đại học,Phi chính thức,28299813.78,2,,,,,,,,,
Nữ,28,Đại học,Chính thức,14011173.18,2,,,,,,,,,
Nam,44,Đại học,Chính thức,14740566.5,7,,,,,,,,,
Nam,69,Thạc sĩ - Tiến sĩ,Chính thức,30922225.87,3,,,,,,,,,
Nam,54,Đại học,Chính thức,14005978.63,7,,,,,,,,,
Nữ,53,Đại học,Chính thức,12878663.14,3,,,,,,,,,
Nam,35,Đại học,Chính thức,43361964.62,3,,,,,,,,,
Nữ,62,Đại học,Chính thức,14908556.31,5,,,,,,,,,
Nam,60,THPT,Chính thức,18005379.68,3,,,,,,,,,
Nữ,35,Đại học,Chính thức,19740740.74,4,,,,,,,,,
Nam,37,Đại học,Chính thức,18550900.06,3,,,,,,,,,
Nam,35,Thạc sĩ - Tiến sĩ,Chính thức,16823973.34,2,,,,,,,,,
Nữ,32,Đại học,Chính thức,15133196.12,2,,,,,,,,,
Nữ,55,Khác,Chính thức,12879055.18,3,,,,,,,,,
Nam,27,Khác,Chính thức,15697049.89,3,,,,,,,,,
Nam,37,Cao đẳng - Trung cấp nghề,Chính thức,14004998.53,4,,,,,,,,,
Nữ,35,Đại học,Chính thức,15921003.63,4,,,,,,,,,
Nữ,25,Thạc sĩ - Tiến sĩ,Chính thức,16004802.51,2,,,,,,,,,
Nam,33,Thạc sĩ - Tiến sĩ,Chính thức,23974805.56,2,,,,,,,,,
Nữ,34,Đại học,Chính thức,12369891.21,2,,,,,,,,,
Nam,40,Đại học,Chính thức,24368824.62,3,,,,,,,,,
Nam,30,THPT,Chính thức,21223877.51,2,,,,,,,,,
Nữ,51,THPT,Chính thức,23079867.58,3,,,,,,,,,
Nam,34,Cao đẳng - Trung cấp nghề,Chính thức,12777320.4,6,,,,,,,,,
Nam,47,Đại học,Chính thức,16034793.69,3,,,,,,,,,
Nữ,45,Đại học,Chính thức,19263811.3,3,,,,,,,,,
Nam,40,Đại học,Chính thức,17724884.84,4,,,,,,,,,
Nam,53,Thạc sĩ - Tiến sĩ,Chính thức,20631388.37,5,,,,,,,,,
Nam,44,Đại học,Chính thức,33172253.26,4,,,,,,,,,
Nam,54,Thạc sĩ - Tiến sĩ,Chính thức,26202650.89,2,,,,,,,,,
Nam,30,Thạc sĩ - Tiến sĩ,Chính thức,22337057.73,2,,,,,,,,,
Nữ,52,Thạc sĩ - Tiến sĩ,Chính thức,40575768.16,2,,,,,,,,,
Nữ,36,Đại học,Chính thức,42665037.24,3,,,,,,,,,
Nam,39,Thạc sĩ - Tiến sĩ,Chính thức,17411937.67,3,,,,,,,,,
Nam,35,Đại học,Chính thức,15184161.52,5,,,,,,,,,
Nữ,32,Thạc sĩ - Tiến sĩ,Chính thức,22338092.28,3,,,,,,,,,
Nam,46,THPT,Chính thức,28694051.92,3,,,,,,,,,
Nữ,39,Đại học,Chính thức,18500724.19,3,,,,,,,,,
Nam,45,Đại học,Chính thức,18073660.25,4,,,,,,,,,
Nam,25,Đại học,Chính thức,14569048.32,3,,,,,,,,,
Nam,48,Đại học,Chính thức,36817621.04,2,,,,,,,,,
Nữ,45,Thạc sĩ - Tiến sĩ,Chính thức,19490999.38,1,,,,,,,,,
Nữ,36,Đại học,Chính thức,18623939.58,2,,,,,,,,,
Nam,36,Thạc sĩ - Tiến sĩ,Chính thức,41272462.76,2,,,,,,,,,
Nam,38,Đại học,Chính thức,24760324.24,3,,,,,,,,,
Nữ,35,Cao đẳng - Trung cấp nghề,Chính thức,23202979.52,2,,,,,,,,,
Nữ,35,Đại học,Chính thức,16823581.3,3,,,,,,,,,
Nam,34,Đại học,Chính thức,16147309.61,2,,,,,,,,,
Nữ,38,Đại học,Chính thức,16779084.58,1,,,,,,,,,
Nam,43,Đại học,Chính thức,21966376.99,2,,,,,,,,,
Nữ,38,Thạc sĩ - Tiến sĩ,Chính thức,33056215.08,3,,,,,,,,,
Nam,38,Đại học,Chính thức,18871404.92,3,,,,,,,,,
Nữ,31,Thạc sĩ - Tiến sĩ,Chính thức,14903067.73,1,,,,,,,,,
Nam,23,Đại học,Chính thức,28300142.4,4,,,,,,,,,
Nam,42,Đại học,Chính thức,33891410.61,2,,,,,,,,,
Nữ,42,Đại học,Chính thức,32231131.56,2,,,,,,,,,
Nam,30,Đại học,Chính thức,12403998.82,6,,,,,,,,,
Nữ,29,Thạc sĩ - Tiến sĩ,Chính thức,22336850.82,2,,,,,,,,,
Nam,32,Đại học,Chính thức,16473488.19,2,,,,,,,,,
Nam,45,Đại học,Chính thức,23550005.48,7,,,,,,,,,
Nữ,27,Đại học,Chính thức,18128284.71,1,,,,,,,,,
Nam,39,THPT,Phi chính thức,21655907.3,2,,,,,,,,,
Nam,42,Đại học,Chính thức,20914649.29,2,,,,,,,,,
Nữ,37,Đại học,Chính thức,18253258.85,2,,,,,,,,,
Nam,33,Đại học,Phi chính thức,16121532.88,1,,,,,,,,,
Nữ,26,Đại học,Chính thức,12310496.91,1,,,,,,,,,
Nam,65,Đại học,Phi chính thức,30789023.99,2,,,,,,,,,
Nam,54,Đại học,Chính thức,15105557.19,4,,,,,,,,,
Nam,39,Cao đẳng - Trung cấp nghề,Chính thức,23845328.08,5,,,,,,,,,
Nữ,37,Đại học,Chính thức,15111829.85,2,,,,,,,,,
Nam,43,Thạc sĩ - Tiến sĩ,Chính thức,24919158.72,2,,,,,,,,,
Nam,31,Khác,Phi chính thức,20339747.57,3,,,,,,,,,
Nam,26,Khác,Phi chính thức,16972165.05,4,,,,,,,,,
Nam,24,THPT,Phi chính thức,13361266.29,5,,,,,,,,,
Nữ,41,Cao đẳng - Trung cấp nghề,Chính thức,13662256.2,6,,,,,,,,,
Nam,51,Đại học,Chính thức,14155542.49,3,,,,,,,,,
Nữ,44,Cao đẳng - Trung cấp nghề,Chính thức,12569538.37,2,,,,,,,,,
Nam,30,THPT,Chính thức,12950210.72,2,,,,,,,,,
Nữ,54,Đại học,Chính thức,12622463.98,4,,,,,,,,,
Nam,39,Khác,Chính thức,14276585.32,3,,,,,,,,,
Nam,35,Đại học,Chính thức,14279819.66,3,,,,,,,,,
Nữ,31,Đại học,Chính thức,12447123.4,2,,,,,,,,,
Nam,36,Thạc sĩ - Tiến sĩ,Chính thức,14623248.06,3,,,,,,,,,
Nữ,50,THPT,Chính thức,13819856.9,4,,,,,,,,,
Nữ,46,THPT,Chính thức,19118559.9,2,,,,,,,,,
Nam,40,Khác,Chính thức,13662648.24,2,,,,,,,,,
Nữ,33,Đại học,Chính thức,14130255.81,9,,,,,,,,,
Nữ,37,Đại học,Chính thức,13943251.98,2,,,,,,,,,
Nam,38,Thạc sĩ - Tiến sĩ,Chính thức,14453396.06,2,,,,,,,,,
Nữ,52,Đại học,Chính thức,26492825.06,2,,,,,,,,,
Nam,43,Đại học,Chính thức,28262022.13,4,,,,,,,,,
Nam,34,Đại học,Chính thức,25695037.79,4,,,,,,,,,
Nữ,32,THPT,Chính thức,14658433.79,3,,,,,,,,,
Nam,35,Cao đẳng - Trung cấp nghề,Chính thức,14658433.79,2,,,,,,,,,
Nữ,52,Đại học,Chính thức,14246594.14,2,,,,,,,,,
Nữ,50,Đại học,Chính thức,23420235.88,2,,,,,,,,,
Nam,51,Đại học,Chính thức,15015975.69,4,,,,,,,,,
Nam,43,Đại học,Chính thức,15132118,4,,,,,,,,,
Nam,38,THPT,Chính thức,15877192.98,3,,,,,,,,,
Nam,44,Cao đẳng - Trung cấp nghề,Chính thức,13487993.73,5,,,,,,,,,
Nữ,33,Đại học,Chính thức,12340096.05,2,,,,,,,,,
Nam,38,Đại học,Chính thức,12340096.05,2,,,,,,,,,
Nam,39,Đại học,Chính thức,28612115.24,4,,,,,,,,,
Nam,50,Đại học,Chính thức,13637557.58,3,,,,,,,,,
Nữ,42,Đại học,Chính thức,13523669.51,5,,,,,,,,,
Nữ,29,Cao đẳng - Trung cấp nghề,Chính thức,16466235.42,3,,,,,,,,,
Nam,37,THPT,Chính thức,13125355.29,3,,,,,,,,,
Nam,40,Khác,Phi chính thức,13368127.02,5,,,,,,,,,
Nam,43,THPT,Chính thức,13386356.95,5,,,,,,,,,
Nam,40,Thạc sĩ - Tiến sĩ,Chính thức,20254396.85,4,,,,,,,,,
Nam,32,Đại học,Chính thức,15721258.45,3,,,,,,,,,
Nữ,29,THPT,Chính thức,13662942.27,3,,,,,,,,,
Nam,45,Khác,Phi chính thức,13182691.37,3,,,,,,,,,
Nữ,26,Cao đẳng - Trung cấp nghề,Chính thức,18097455,3,,,,,,,,,
Nam,29,THPT,Chính thức,15754778.01,3,,,,,,,,,
Nam,34,Đại học,Chính thức,21829091.66,6,,,,,,,,,
Nữ,24,THPT,Chính thức,15277957.46,3,,,,,,,,,
Nam,25,THPT,Chính thức,18640182.08,3,,,,,,,,,
Nam,46,Đại học,Chính thức,16448593.55,2,,,,,,,,,
Nam,37,Đại học,Chính thức,15650004.9,3,,,,,,,,,
Nữ,49,Đại học,Chính thức,19526898.41,2,,,,,,,,,
Nam,48,Đại học,Chính thức,16049495.25,2,,,,,,,,,
Nam,57,Đại học,Chính thức,18975170.7,5,,,,,,,,,
Nam,44,THPT,Chính thức,13504459.47,3,,,,,,,,,
Nữ,48,Đại học,Chính thức,13693423.5,1,,,,,,,,,
Nam,53,THPT,Chính thức,22482929.86,2,,,,,,,,,
Nam,35,Đại học,Chính thức,21628284.71,4,,,,,,,,,
Nam,42,Đại học,Chính thức,22155390.03,2,,,,,,,,,
Nữ,29,THPT,Phi chính thức,13738606.29,2,,,,,,,,,
Nam,39,Đại học,Chính thức,12337841.81,6,,,,,,,,,
Nữ,52,Đại học,Chính thức,12739194.35,3,,,,,,,,,
Nam,38,Khác,Chính thức,14055473.88,4,,,,,,,,,
Nam,48,Đại học,Chính thức,16335391.55,4,,,,,,,,,
Nữ,31,Thạc sĩ - Tiến sĩ,Chính thức,17385866.9,4,,,,,,,,,
Nam,42,Khác,Phi chính thức,14338429.87,3,,,,,,,,,
Nam,43,Đại học,Chính thức,12410369.5,3,,,,,,,,,
Nữ,45,Đại học,Chính thức,13558659.22,4,,,,,,,,,
Nam,38,THPT,Chính thức,15523669.51,5,,,,,,,,,
Nam,47,THPT,Chính thức,16433205.92,4,,,,,,,,,
Nam,35,Đại học,Chính thức,12682740.37,4,,,,,,,,,
Nam,36,Đại học,Chính thức,18353817.5,4,,,,,,,,,
Nam,42,Đại học,Chính thức,13088993.43,4,,,,,,,,,
Nam,40,Đại học,Chính thức,21504138.22,5,,,,,,,,,
Nam,38,THPT,Chính thức,16455944.33,5,,,,,,,,,
Nam,48,THPT,Chính thức,13270508.67,4,,,,,,,,,
Nam,36,Đại học,Chính thức,13663628.34,4,,,,,,,,,
Nam,41,Đại học,Chính thức,15035871.8,4,,,,,,,,,
Nam,36,THPT,Chính thức,14521415.27,4,,,,,,,,,
Nam,44,THPT,Phi chính thức,14739586.4,5,,,,,,,,,
Nam,39,THPT,Chính thức,13671959.23,5,,,,,,,,,
Nam,40,THPT,Chính thức,16111535.82,5,,,,,,,,,
Nam,40,Đại học,Chính thức,19308917.86,4,,,,,,,,,
Nữ,47,Đại học,Chính thức,14624620.21,2,,,,,,,,,
Nam,48,Đại học,Chính thức,20739292.36,2,,,,,,,,,
Nam,34,THPT,Chính thức,25934056.3,3,,,,,,,,,
Nam,24,THPT,Chính thức,12944918.16,6,,,,,,,,,
Nam,38,THPT,Chính thức,18975067.25,5,,,,,,,,,
Nam,30,Đại học,Chính thức,64117318.44,4,,,,,,,,,
Nữ,46,THPT,Chính thức,16044104.68,2,,,,,,,,,
Nam,39,Đại học,Chính thức,15510046.06,4,,,,,,,,,
Nam,58,Khác,Chính thức,13520631.19,2,,,,,,,,,
Nam,25,Đại học,Chính thức,14043222.58,2,,,,,,,,,
Nữ,48,THPT,Chính thức,12616485.35,2,,,,,,,,,
Nam,25,THPT,Chính thức,12731157.5,5,,,,,,,,,
Nữ,38,THPT,Chính thức,12466039.4,3,,,,,,,,,
Nam,40,THPT,Chính thức,18061969.79,4,,,,,,,,,
Nam,27,Đại học,Chính thức,15241399.59,1,,,,,,,,,
Nam,50,Đại học,Chính thức,17128883.66,2,,,,,,,,,
Nữ,49,THPT,Chính thức,12628246.59,1,,,,,,,,,
Nữ,36,Đại học,Chính thức,16763794.96,7,,,,,,,,,
Nam,44,THPT,Chính thức,21724187.88,4,,,,,,,,,
Nam,51,Khác,Phi chính thức,14256395.18,1,,,,,,,,,
Nam,29,THPT,Chính thức,14315691.46,5,,,,,,,,,
Nữ,38,Đại học,Chính thức,12684014.51,3,,,,,,,,,
Nam,45,THPT,Chính thức,34735684.36,4,,,,,,,,,
Nam,24,THPT,Chính thức,12438498.48,3,,,,,,,,,
Nam,31,Khác,Chính thức,14032833.48,3,,,,,,,,,
Nam,41,Thạc sĩ - Tiến sĩ,Chính thức,14061354.5,2,,,,,,,,,
Nữ,41,Đại học,Chính thức,12514162.5,2,,,,,,,,,
Nam,39,Khác,Phi chính thức,18500310.37,6,,,,,,,,,
Nữ,27,THPT,Chính thức,13390571.4,6,,,,,,,,,
Nam,38,Đại học,Chính thức,16359796.14,5,,,,,,,,,
Nữ,30,THPT,Chính thức,13458394.59,3,,,,,,,,,
Nam,33,THPT,Chính thức,16384102.71,3,,,,,,,,,
Nam,30,Đại học,Chính thức,16379790.26,6,,,,,,,,,
Nữ,44,Đại học,Chính thức,27823858.03,5,,,,,,,,,
Nam,43,Đại học,Chính thức,14543859.65,6,,,,,,,,,
Nữ,27,Đại học,Chính thức,16606292.27,2,,,,,,,,,
Nam,29,Cao đẳng - Trung cấp nghề,Chính thức,23171011.79,2,,,,,,,,,
Nam,30,THPT,Chính thức,12973831.23,4,,,,,,,,,
Nam,38,Đại học,Chính thức,13796628.44,4,,,,,,,,,
Nữ,42,Đại học,Chính thức,16809075.76,2,,,,,,,,,
Nam,40,THPT,Chính thức,25452294.88,5,,,,,,,,,
Nam,40,Cao đẳng - Trung cấp nghề,Chính thức,21535692.12,4,,,,,,,,,
Nam,43,Đại học,Chính thức,13885621.88,4,,,,,,,,,
Nam,31,THPT,Chính thức,97588853.42,5,,,,,,,,,
Nữ,27,Đại học,Chính thức,14964716.26,3,,,,,,,,,
Nam,47,THPT,Phi chính thức,12746545.13,3,,,,,,,,,
Nữ,35,Cao đẳng - Trung cấp nghề,Chính thức,105130067.3,6,,,,,,,,,
Nam,45,Khác,Chính thức,12308340.68,4,,,,,,,,,
Nữ,48,THPT,Chính thức,12434872.1,2,,,,,,,,,
Nam,53,Đại học,Chính thức,19805090.01,2,,,,,,,,,
Nữ,39,Đại học,Chính thức,15079094.38,2,,,,,,,,,
Nam,43,Thạc sĩ - Tiến sĩ,Chính thức,22346885.99,3,,,,,,,,,
Nam,36,Đại học,Chính thức,13398510.24,2,,,,,,,,,
Nữ,30,Đại học,Chính thức,13757326.28,2,,,,,,,,,
Nam,34,Đại học,Chính thức,24288202.43,2,,,,,,,,,
Nữ,34,Đại học,Chính thức,19437512.93,2,,,,,,,,,
Nam,41,Thạc sĩ - Tiến sĩ,Chính thức,20506517.69,4,,,,,,,,,
Nam,27,THPT,Chính thức,12992061.16,6,,,,,,,,,
Nữ,38,Đại học,Phi chính thức,14745761.05,2,,,,,,,,,
Nam,39,Đại học,Chính thức,19137078.42,3,,,,,,,,,
Nữ,40,Đại học,Chính thức,16073311.77,5,,,,,,,,,
Nữ,47,THPT,Chính thức,19825470.72,5,,,,,,,,,
Nam,34,Cao đẳng - Trung cấp nghề,Chính thức,16295305.3,6,,,,,,,,,
Nữ,41,Đại học,Chính thức,15015877.68,4,,,,,,,,,
Nam,32,THPT,Chính thức,15480838.97,4,,,,,,,,,
Nam,40,THPT,Chính thức,15327354.7,7,,,,,,,,,
Nam,31,THPT,Chính thức,13468783.69,8,,,,,,,,,
Nam,28,Đại học,Chính thức,19826194.91,5,,,,,,,,,
Nam,21,THPT,Chính thức,13419092.42,5,,,,,,,,,
Nam,47,Khác,Chính thức,12307654.61,4,,,,,,,,,
Nam,49,THPT,Chính thức,14649906.89,2,,,,,,,,,
Nữ,47,THPT,Chính thức,17933685.08,2,,,,,,,,,
Nam,49,Cao đẳng - Trung cấp nghề,Chính thức,14771047.73,4,,,,,,,,,
Nữ,21,THPT,Chính thức,12873664.61,4,,,,,,,,,
Nam,35,Khác,Chính thức,12389493.29,5,,,,,,,,,
Nam,23,THPT,Chính thức,13910516.51,4,,,,,,,,,
Nam,49,THPT,Chính thức,18853300.23,6,,,,,,,,,
Nam,31,Cao đẳng - Trung cấp nghề,Chính thức,15037635.99,3,,,,,,,,,
Nữ,38,Đại học,Chính thức,16524355.58,3,,,,,,,,,
Nam,49,Cao đẳng - Trung cấp nghề,Chính thức,16576889.15,5,,,,,,,,,
Nam,26,Đại học,Chính thức,43527351.02,3,,,,,,,,,
Nam,43,Khác,Phi chính thức,16880133.29,5,,,,,,,,,
Nam,38,Đại học,Chính thức,16727727.14,2,,,,,,,,,
Nữ,37,Cao đẳng - Trung cấp nghề,Chính thức,13098696.46,2,,,,,,,,,
Nam,51,THPT,Chính thức,14935509.16,3,,,,,,,,,
Nam,31,Đại học,Chính thức,14746153.09,6,,,,,,,,,
Nữ,32,Đại học,Chính thức,13441144.76,4,,,,,,,,,
Nam,29,Cao đẳng - Trung cấp nghề,Chính thức,21049451.69,3,,,,,,,,,
Nam,37,THPT,Chính thức,13024208.57,7,,,,,,,,,
Nữ,50,Đại học,Chính thức,23517581.33,4,,,,,,,,,
Nam,57,THPT,Chính thức,12310888.95,4,,,,,,,,,
Nam,45,THPT,Phi chính thức,270105142.5,5,,,,,,,,,
Nam,46,Thạc sĩ - Tiến sĩ,Chính thức,25874904.15,4,,,,,,,,,
Nữ,43,THPT,Chính thức,14760364.6,2,,,,,,,,,
Nam,46,Cao đẳng - Trung cấp nghề,Chính thức,16269724.59,3,,,,,,,,,
Nam,29,Đại học,Chính thức,24154781.47,6,,,,,,,,,
Nam,39,Khác,Phi chính thức,12996569.64,6,,,,,,,,,
Nữ,35,Khác,Chính thức,12663726.35,3,,,,,,,,,
Nam,33,THPT,Chính thức,18462342.23,3,,,,,,,,,
Nam,35,THPT,Chính thức,13919827.5,1,,,,,,,,,
Nam,35,THPT,Chính thức,30703910.61,7,,,,,,,,,
Nam,28,Cao đẳng - Trung cấp nghề,Chính thức,14482309.12,1,,,,,,,,,
Nữ,35,THPT,Chính thức,13105753.21,1,,,,,,,,,
Nam,34,THPT,Chính thức,14348426.93,4,,,,,,,,,
Nữ,26,THPT,Chính thức,13488483.78,2,,,,,,,,,
Nam,23,Khác,Chính thức,13825443.5,4,,,,,,,,,
Nữ,31,Đại học,Chính thức,14102910.91,2,,,,,,,,,
Nam,33,Đại học,Chính thức,18962135.32,3,,,,,,,,,
Nam,41,Khác,Chính thức,14396452.02,4,,,,,,,,,
Nữ,38,Đại học,Chính thức,21651976,2,,,,,,,,,
Nam,38,Đại học,Chính thức,23790776.65,3,,,,,,,,,
Nam,42,Đại học,Chính thức,15672155.25,8,,,,,,,,,
Nam,27,Cao đẳng - Trung cấp nghề,Chính thức,14558953.25,4,,,,,,,,,
Nam,29,Khác,Chính thức,12553464.67,2,,,,,,,,,
Nữ,54,Khác,Phi chính thức,12585514.06,2,,,,,,,,,
Nam,53,Khác,Chính thức,21344506.52,3,,,,,,,,,
Nam,33,THPT,Chính thức,27228393.03,3,,,,,,,,,
Nam,56,Khác,Phi chính thức,12714985.79,4,,,,,,,,,
Nam,25,Đại học,Chính thức,14251200.63,3,,,,,,,,,
Nam,30,Đại học,Chính thức,18602007.03,4,,,,,,,,,
Nam,43,THPT,Chính thức,15485151.43,5,,,,,,,,,
Nữ,34,Khác,Chính thức,13726551.01,5,,,,,,,,,
Nam,31,Đại học,Chính thức,14054199.75,7,,,,,,,,,
Nam,31,Đại học,Chính thức,12387533.08,4,,,,,,,,,
Nam,45,Thạc sĩ - Tiến sĩ,Chính thức,19222015.31,5,,,,,,,,,
Nữ,24,Đại học,Chính thức,20661804.26,7,,,,,,,,,
Nam,36,Đại học,Chính thức,20772605.01,6,,,,,,,,,
Nam,46,Khác,Chính thức,12592080.76,4,,,,,,,,,
Nam,52,Thạc sĩ - Tiến sĩ,Chính thức,14913750.86,2,,,,,,,,,
Nữ,47,Đại học,Chính thức,13512496.32,1,,,,,,,,,
Nữ,50,THPT,Chính thức,14180241.11,2,,,,,,,,,
Nam,55,THPT,Chính thức,16919533.47,2,,,,,,,,,
Nam,58,Đại học,Chính thức,27473764.92,5,,,,,,,,,
Nam,46,Khác,Phi chính thức,12592080.76,4,,,,,,,,,
Nam,44,Khác,Chính thức,18980343.47,4,,,,,,,,,
Nam,33,Khác,Chính thức,15405959.03,4,,,,,,,,,
Nam,28,Đại học,Chính thức,13275213.17,6,,,,,,,,,
Nam,50,Thạc sĩ - Tiến sĩ,Chính thức,17784671.18,3,,,,,,,,,
Nam,31,Đại học,Chính thức,12927962.36,4,,,,,,,,,
Nữ,22,THPT,Chính thức,13482407.14,6,,,,,,,,,
Nữ,31,THPT,Chính thức,14760364.6,2,,,,,,,,,
Nam,32,THPT,Chính thức,17485053.42,3,,,,,,,,,
Nam,39,THPT,Chính thức,21644113.39,4,,,,,,,,,
Nam,37,THPT,Chính thức,29519553.07,2,,,,,,,,,
Nam,39,Khác,Chính thức,40514664.8,4,,,,,,,,,
Nữ,34,THPT,Chính thức,13270606.68,3,,,,,,,,,
Nam,37,THPT,Chính thức,12633539.16,3,,,,,,,,,
Nam,60,Khác,Phi chính thức,12795452.32,3,,,,,,,,,
Nam,30,THPT,Chính thức,14760854.65,3,,,,,,,,,
Nam,39,THPT,Chính thức,12410467.51,4,,,,,,,,,
Nữ,32,THPT,Chính thức,12449279.62,4,,,,,,,,,
Nam,33,Đại học,Chính thức,19356714.26,6,,,,,,,,,
Nam,39,Khác,Phi chính thức,14543761.64,3,,,,,,,,,
Nữ,31,Khác,Chính thức,12828775.85,2,,,,,,,,,
Nam,39,Khác,Chính thức,15413113.79,3,,,,,,,,,
Nữ,35,Khác,Chính thức,12825541.51,2,,,,,,,,,
Nam,33,Khác,Chính thức,15132314.03,5,,,,,,,,,
Nam,45,THPT,Phi chính thức,30989703.14,6,,,,,,,,,
Nam,40,Khác,Chính thức,13172890.33,6,,,,,,,,,
Nam,33,Khác,Phi chính thức,12292168.97,4,,,,,,,,,
Nam,40,THPT,Chính thức,15425659.12,5,,,,,,,,,
Nữ,35,Đại học,Chính thức,12362932.47,4,,,,,,,,,
Nam,59,Đại học,Phi chính thức,12619817.7,1,,,,,,,,,
Nữ,48,Đại học,Chính thức,12627952.56,2,,,,,,,,,
Nam,33,Đại học,Chính thức,25099682.33,3,,,,,,,,,
Nam,63,Đại học,Chính thức,38718342.64,2,,,,,,,,,
Nam,59,Đại học,Chính thức,28682221.49,2,,,,,,,,,
Nữ,60,THPT,Chính thức,18834885.16,1,,,,,,,,,
Nam,38,Đại học,Chính thức,17211310.4,6,,,,,,,,,
Nam,50,Đại học,Chính thức,34414338.92,2,,,,,,,,,
Nữ,40,Cao đẳng - Trung cấp nghề,Chính thức,17584631.97,2,,,,,,,,,
Nam,42,Đại học,Chính thức,35181215.08,4,,,,,,,,,
Nam,42,Đại học,Chính thức,42825418.99,4,,,,,,,,,
Nam,45,Đại học,Phi chính thức,23065694.19,3,,,,,,,,,
Nữ,42,THPT,Chính thức,21465549.35,3,,,,,,,,,
Nam,45,THPT,Chính thức,14396452.02,6,,,,,,,,,
Nam,24,THPT,Chính thức,12853278.45,2,,,,,,,,,
Nam,60,Đại học,Chính thức,21143596.11,2,,,,,,,,,
Nam,31,Đại học,Chính thức,13290600.8,3,,,,,,,,,
Nữ,37,Cao đẳng - Trung cấp nghề,Chính thức,20649182.7,3,,,,,,,,,
Nam,40,Đại học,Chính thức,19221601.49,2,,,,,,,,,
Nam,40,Đại học,Chính thức,20153320.92,4,,,,,,,,,
Nam,41,Khác,Chính thức,33221019.55,4,,,,,,,,,
Nam,30,Đại học,Chính thức,15478388.71,3,,,,,,,,,
Nữ,43,Đại học,Chính thức,20337678.46,2,,,,,,,,,
Nam,45,Đại học,Chính thức,35697276.54,2,,,,,,,,,
Nam,37,Đại học,Chính thức,15102616.88,3,,,,,,,,,
Nữ,36,Đại học,Chính thức,13289424.68,2,,,,,,,,,
Nam,49,Khác,Phi chính thức,17665392.53,3,,,,,,,,,
Nam,49,Đại học,Chính thức,13760854.65,4,,,,,,,,,
Nam,47,Đại học,Chính thức,17633931.2,3,,,,,,,,,
Nam,53,THPT,Phi chính thức,14445947.27,4,,,,,,,,,
Nam,56,Đại học,Chính thức,25158177.24,3,,,,,,,,,
Nam,53,Đại học,Chính thức,24212071.42,3,,,,,,,,,
Nữ,38,THPT,Chính thức,13110359.7,6,,,,,,,,,
Nam,54,Khác,Chính thức,16444673.14,1,,,,,,,,,
Nữ,53,Đại học,Chính thức,33282355.68,1,,,,,,,,,
Nữ,37,Khác,Chính thức,12291090.86,2,,,,,,,,,
Nam,41,THPT,Chính thức,13761344.7,2,,,,,,,,,
Nữ,35,Khác,Chính thức,16577281.19,2,,,,,,,,,
Nam,38,THPT,Chính thức,16903067.73,3,,,,,,,,,
Nam,39,Đại học,Chính thức,17878750.26,6,,,,,,,,,
Nam,36,THPT,Chính thức,14131627.95,7,,,,,,,,,
Nam,46,Khác,Chính thức,19066832.2,4,,,,,,,,,
Nam,40,Khác,Phi chính thức,16995197.49,4,,,,,,,,,
Nam,37,THPT,Chính thức,13172596.3,6,,,,,,,,,
Nam,30,Đại học,Chính thức,21723360.23,5,,,,,,,,,
Nam,45,THPT,Phi chính thức,13416642.16,4,,,,,,,,,
Nam,51,THPT,Chính thức,14307654.61,3,,,,,,,,,
Nữ,39,Cao đẳng - Trung cấp nghề,Chính thức,15429775.56,4,,,,,,,,,
Nữ,44,Khác,Chính thức,12822111.14,4,,,,,,,,,
Nam,25,Đại học,Chính thức,13493482.31,4,,,,,,,,,
Nam,29,THPT,Chính thức,12293639.13,6,,,,,,,,,
Nam,25,Khác,Chính thức,13438008.43,3,,,,,,,,,
Nam,40,Khác,Phi chính thức,13860139.17,6,,,,,,,,,
Nam,45,Khác,Chính thức,38719855.68,4,,,,,,,,,
Nam,21,THPT,Chính thức,17156914.63,4,,,,,,,,,
Nam,53,THPT,Chính thức,18513035.38,2,,,,,,,,,
Nam,30,THPT,Chính thức,13857786.93,3,,,,,,,,,
Nữ,26,Khác,Chính thức,12730765.46,2,,,,,,,,,
Nam,35,Khác,Phi chính thức,18703082.97,5,,,,,,,,,
Nam,36,Khác,Phi chính thức,12585416.05,4,,,,,,,,,
Nam,36,THPT,Chính thức,18343678.87,7,,,,,,,,,
Nữ,38,Đại học,Chính thức,17338429.87,2,,,,,,,,,
Nam,42,THPT,Chính thức,16162305.2,2,,,,,,,,,
Nữ,36,Khác,Chính thức,12976183.48,1,,,,,,,,,
Nam,26,THPT,Phi chính thức,12877977.07,6,,,,,,,,,
Nam,38,THPT,Chính thức,16903753.8,6,,,,,,,,,
Nữ,37,THPT,Chính thức,15132804.08,5,,,,,,,,,
Nữ,35,Đại học,Chính thức,20204324.44,3,,,,,,,,,
Nam,38,Đại học,Chính thức,25653959.91,3,,,,,,,,,
Nữ,38,Khác,Chính thức,14917573.26,2,,,,,,,,,
Nam,37,THPT,Chính thức,14192198.37,2,,,,,,,,,
Nam,37,THPT,Chính thức,12603645.99,4,,,,,,,,,
Nữ,42,Đại học,Chính thức,12536018.82,2,,,,,,,,,
Nam,44,THPT,Chính thức,15917475.25,2,,,,,,,,,
Nam,38,Cao đẳng - Trung cấp nghề,Chính thức,12976379.5,5,,,,,,,,,
Nam,31,Cao đẳng - Trung cấp nghề,Chính thức,16838184.85,5,,,,,,,,,
Nữ,40,Đại học,Chính thức,15211212.39,3,,,,,,,,,
Nam,43,Đại học,Chính thức,20297951.58,4,,,,,,,,,
Nam,47,Đại học,Phi chính thức,15632559.05,4,,,,,,,,,
Nữ,31,THPT,Chính thức,15038028.03,5,,,,,,,,,
Nam,33,Đại học,Chính thức,18966790.81,2,,,,,,,,,
Nam,36,Đại học,Chính thức,31081827.14,4,,,,,,,,,
Nam,36,Đại học,Chính thức,28338262.68,4,,,,,,,,,
Nam,30,Đại học,Chính thức,17303636.19,3,,,,,,,,,
Nam,37,THPT,Chính thức,19583798.88,4,,,,,,,,,
Nam,46,Khác,Phi chính thức,13611682.84,3,,,,,,,,,
Nữ,41,Khác,Phi chính thức,12710771.34,2,,,,,,,,,
Nam,29,Cao đẳng - Trung cấp nghề,Chính thức,12701852.4,3,,,,,,,,,
Nam,37,THPT,Chính thức,25326760.87,6,,,,,,,,,
Nữ,47,Đại học,Chính thức,12896108.99,3,,,,,,,,,
Nam,39,THPT,Chính thức,18580902.13,3,,,,,,,,,
Nữ,46,Đại học,Chính thức,21968963.38,1,,,,,,,,,
Nam,56,Đại học,Chính thức,14055081.84,4,,,,,,,,,
Nam,46,Khác,Chính thức,14260021.56,6,,,,,,,,,
Nam,35,Đại học,Chính thức,23901960.78,6,,,,,,,,,
Nữ,44,Đại học,Chính thức,14153484.27,2,,,,,,,,,
Nam,46,Đại học,Chính thức,15133686.17,3,,,,,,,,,
Nữ,49,Đại học,Chính thức,16914632.95,5,,,,,,,,,
Nam,37,THPT,Chính thức,13310398.9,4,,,,,,,,,
Nam,28,Đại học,Chính thức,13957267.47,7,,,,,,,,,
Nam,37,THPT,Chính thức,14839164.95,1,,,,,,,,,
Nữ,37,Cao đẳng - Trung cấp nghề,Chính thức,12389395.28,3,,,,,,,,,
Nam,49,Đại học,Chính thức,16015191.61,4,,,,,,,,,
Nam,31,Khác,Phi chính thức,17191316.28,4,,,,,,,,,
Nữ,27,THPT,Chính thức,14692639.42,5,,,,,,,,,
Nam,20,THPT,Chính thức,14338821.92,3,,,,,,,,,
Nữ,29,THPT,Chính thức,13329118.89,4,,,,,,,,,
Nam,43,Cao đẳng - Trung cấp nghề,Phi chính thức,12388121.14,3,,,,,,,,,
Nam,47,Đại học,Chính thức,15915123,3,,,,,,,,,
Nữ,51,Đại học,Chính thức,12546407.92,3,,,,,,,,,
Nam,38,Đại học,Chính thức,15379594.24,4,,,,,,,,,
Nam,48,Khác,Phi chính thức,13909536.41,5,,,,,,,,,
Nữ,45,Đại học,Chính thức,13909634.42,1,,,,,,,,,
Nam,45,Đại học,Chính thức,15682446.34,2,,,,,,,,,
Nữ,31,Đại học,Chính thức,16661570.13,2,,,,,,,,,
Nam,36,Đại học,Chính thức,23389819.99,2,,,,,,,,,
Nam,37,THPT,Phi chính thức,12642164.07,4,,,,,,,,,
Nam,37,THPT,Chính thức,12550230.32,5,,,,,,,,,
Nữ,28,Đại học,Chính thức,21386509.41,5,,,,,,,,,
Nam,24,Đại học,Chính thức,17641379.99,2,,,,,,,,,
Nam,56,Khác,Chính thức,43819483.24,3,,,,,,,,,
Nữ,32,Đại học,Chính thức,13237381.16,2,,,,,,,,,
Nam,38,Khác,Chính thức,12307164.56,5,,,,,,,,,
Nam,36,Khác,Phi chính thức,14404684.9,4,,,,,,,,,
Nam,31,THPT,Chính thức,15653239.24,3,,,,,,,,,
Nữ,33,Cao đẳng - Trung cấp nghề,Chính thức,13124375.18,2,,,,,,,,,
Nữ,44,Đại học,Chính thức,13171910.22,4,,,,,,,,,
Nam,55,Khác,Chính thức,13369891.21,3,,,,,,,,,
Nam,43,Khác,Phi chính thức,17581887.68,5,,,,,,,,,
Nam,37,THPT,Chính thức,17474174.26,5,,,,,,,,,
Nữ,33,Đại học,Chính thức,19488723.36,3,,,,,,,,,
Nam,50,Khác,Phi chính thức,12779672.65,4,,,,,,,,,
Nam,48,Đại học,Chính thức,16552974.62,3,,,,,,,,,
Nam,47,Đại học,Chính thức,12554052.73,5,,,,,,,,,
Nữ,37,Đại học,Chính thức,13957267.47,4,,,,,,,,,
Nam,35,THPT,Chính thức,16210232.28,5,,,,,,,,,
Nam,38,Khác,Chính thức,16605802.22,7,,,,,,,,,
Nam,58,Đại học,Chính thức,15660099.97,3,,,,,,,,,
Nam,34,Đại học,Chính thức,18159528.24,4,,,,,,,,,
Nam,30,Đại học,Chính thức,18704531.35,3,,,,,,,,,
Nữ,30,Đại học,Chính thức,12388317.16,3,,,,,,,,,
Nam,33,Khác,Chính thức,21703082.97,6,,,,,,,,,
Nam,34,Đại học,Chính thức,16116828.38,2,,,,,,,,,
Nữ,32,Đại học,Chính thức,16929530.53,2,,,,,,,,,
Nữ,44,Đại học,Chính thức,19692427.06,2,,,,,,,,,
Nam,32,Đại học,Chính thức,17901200.08,6,,,,,,,,,
Nam,61,THPT,Chính thức,66459962.76,4,,,,,,,,,
Nam,50,Đại học,Chính thức,18582867.78,3,,,,,,,,,
Nữ,48,THPT,Chính thức,13703616.58,2,,,,,,,,,
Nữ,46,Đại học,Chính thức,16231990.59,6,,,,,,,,,
Nam,38,Đại học,Chính thức,60954438.24,3,,,,,,,,,
Nam,43,Đại học,Chính thức,37864757.91,2,,,,,,,,,
Nữ,39,Đại học,Chính thức,15472900.13,2,,,,,,,,,
Nam,42,Thạc sĩ - Tiến sĩ,Chính thức,16411643.63,2,,,,,,,,,
Nữ,41,Thạc sĩ - Tiến sĩ,Chính thức,17120748.8,3,,,,,,,,,
Nam,41,THPT,Phi chính thức,12584141.92,4,,,,,,,,,
Nam,50,THPT,Chính thức,13755562.09,3,,,,,,,,,
Nữ,45,Đại học,Chính thức,13535038.71,4,,,,,,,,,
Nam,37,THPT,Chính thức,19514173.39,5,,,,,,,,,
Nam,24,Đại học,Chính thức,13086151.13,3,,,,,,,,,
Nam,33,Đại học,Chính thức,13822993.24,7,,,,,,,,,
Nam,59,THPT,Chính thức,12845731.65,2,,,,,,,,,
Nữ,29,Cao đẳng - Trung cấp nghề,Chính thức,12336959.72,2,,,,,,,,,
Nam,37,THPT,Chính thức,12936195.24,2,,,,,,,,,
Nam,43,Khác,Phi chính thức,25085113.37,4,,,,,,,,,
Nam,21,Khác,Chính thức,13279133.59,6,,,,,,,,,
Nam,40,Đại học,Chính thức,14220523.38,6,,,,,,,,,
Nam,24,THPT,Chính thức,26427100.45,4,,,,,,,,,
Nam,50,THPT,Chính thức,22116594.25,5,,,,,,,,,
Nam,41,Cao đẳng - Trung cấp nghề,Chính thức,14982456.14,5,,,,,,,,,
Nữ,55,Đại học,Chính thức,12711359.4,2,,,,,,,,,
Nam,42,Đại học,Chính thức,22856196.98,4,,,,,,,,,
Nam,35,Khác,Chính thức,12566892.09,5,,,,,,,,,
Nam,44,Khác,Chính thức,15582965.79,4,,,,,,,,,
Nam,45,Khác,Chính thức,17730079.39,4,,,,,,,,,
Nam,37,Khác,Chính thức,17287660.49,5,,,,,,,,,
Nam,45,Đại học,Chính thức,12645594.43,5,,,,,,,,,
Nam,36,THPT,Phi chính thức,13784671.18,4,,,,,,,,,
Nam,21,Khác,Phi chính thức,12820640.99,6,,,,,,,,,
Nam,34,Đại học,Chính thức,14887092.03,8,,,,,,,,,
Nam,36,Đại học,Chính thức,14643536.21,6,,,,,,,,,
Nam,54,Đại học,Chính thức,14319121.83,1,,,,,,,,,
Nữ,37,Đại học,Chính thức,18291744.26,2,,,,,,,,,
Nam,42,THPT,Chính thức,17387729.1,2,,,,,,,,,
Nam,45,Đại học,Chính thức,16604332.06,4,,,,,,,,,
Nam,48,Cao đẳng - Trung cấp nghề,Chính thức,12692443.4,2,,,,,,,,,
Nữ,34,Đại học,Chính thức,13966774.48,3,,,,,,,,,
Nam,35,THPT,Phi chính thức,12759580.52,3,,,,,,,,,
Nam,34,THPT,Chính thức,18220463.48,5,,,,,,,,,
Nam,34,THPT,Chính thức,15766245.22,3,,,,,,,,,
Nam,40,Đại học,Chính thức,12694599.63,4,,,,,,,,,
Nam,28,Đại học,Chính thức,17672939.33,3,,,,,,,,,
Nam,53,THPT,Chính thức,14707438.99,5,,,,,,,,,
Nữ,30,Đại học,Chính thức,17036165.83,3,,,,,,,,,
Nam,32,Đại học,Chính thức,13647848.67,2,,,,,,,,,
Nữ,34,Đại học,Chính thức,12749093.4,2,,,,,,,,,
Nam,50,Khác,Chính thức,13966872.49,4,,,,,,,,,
Nam,35,THPT,Chính thức,16994021.37,4,,,,,,,,,
Nam,45,Khác,Chính thức,12429677.55,3,,,,,,,,,
Nữ,45,Khác,Chính thức,21127560.52,4,,,,,,,,,
Nam,39,Đại học,Phi chính thức,12683622.46,4,,,,,,,,,
Nam,26,Đại học,Chính thức,23025863.85,5,,,,,,,,,
Nam,41,Khác,Phi chính thức,14054689.8,5,,,,,,,,,
Nam,38,Thạc sĩ - Tiến sĩ,Chính thức,13452808,5,,,,,,,,,
Nam,43,Đại học,Chính thức,15327158.68,4,,,,,,,,,
Nam,35,Đại học,Chính thức,13796824.46,4,,,,,,,,,
Nam,48,Đại học,Phi chính thức,12975987.45,6,,,,,,,,,
Nam,37,Khác,Phi chính thức,13076056.06,4,,,,,,,,,
Nam,42,THPT,Chính thức,13160148.98,1,,,,,,,,,
Nam,45,Khác,Chính thức,16063020.68,5,,,,,,,,,
Nam,40,Đại học,Chính thức,13239831.42,3,,,,,,,,,
Nam,42,Thạc sĩ - Tiến sĩ,Chính thức,14008134.86,3,,,,,,,,,
Nữ,39,Đại học,Chính thức,12800548.86,3,,,,,,,,,
Nam,39,Đại học,Chính thức,17465549.35,4,,,,,,,,,
Nam,28,Khác,Phi chính thức,12526903.85,3,,,,,,,,,
Nam,55,Đại học,Chính thức,12372047.44,5,,,,,,,,,
Nam,52,THPT,Chính thức,20814400.99,3,,,,,,,,,
Nam,48,THPT,Chính thức,58778274.36,4,,,,,,,,,
Nam,42,Thạc sĩ - Tiến sĩ,Chính thức,25676415.82,3,,,,,,,,,
Nữ,40,Đại học,Chính thức,26535217.44,3,,,,,,,,,
Nam,30,Khác,Chính thức,12634715.28,4,,,,,,,,,
Nam,49,Đại học,Chính thức,26291269.58,2,,,,,,,,,
Nữ,44,Đại học,Chính thức,23960127.07,2,,,,,,,,,
Nam,46,THPT,Chính thức,14392629.62,4,,,,,,,,,
Nam,42,Đại học,Chính thức,12635499.36,4,,,,,,,,,
Nam,40,Đại học,Chính thức,24080950.82,5,,,,,,,,,
Nữ,45,Đại học,Chính thức,15818974.81,4,,,,,,,,,
Nam,41,Đại học,Chính thức,12781730.86,7,,,,,,,,,
Nữ,52,Đại học,Chính thức,13854160.54,3,,,,,,,,,
Nam,58,Đại học,Chính thức,14697049.89,3,,,,,,,,,
Nam,30,THPT,Chính thức,15605214.15,5,,,,,,,,,
Nam,51,THPT,Phi chính thức,17090169.56,6,,,,,,,,,
Nam,59,THPT,Chính thức,15909340.39,2,,,,,,,,,
Nam,37,Đại học,Chính thức,13687640.89,7,,,,,,,,,
Nam,31,THPT,Chính thức,15330491.03,4,,,,,,,,,
Nam,33,Đại học,Chính thức,12677741.84,4,,,,,,,,,
Nam,55,Khác,Phi chính thức,12334509.46,4,,,,,,,,,
Nam,45,Đại học,Chính thức,18250051.73,6,,,,,,,,,
Nam,36,Khác,Phi chính thức,12326080.56,4,,,,,,,,,
Nam,30,Đại học,Chính thức,14281583.85,3,,,,,,,,,
Nam,37,THPT,Chính thức,26968014.02,5,,,,,,,,,
Nam,36,Đại học,Chính thức,14545427.82,6,,,,,,,,,
Nam,37,Cao đẳng - Trung cấp nghề,Chính thức,13663628.34,5,,,,,,,,,
Nam,47,Đại học,Chính thức,14251298.64,5,,,,,,,,,
Nam,47,Khác,Phi chính thức,12975203.37,5,,,,,,,,,
Nữ,44,Đại học,Chính thức,18498448.17,2,,,,,,,,,
Nam,43,Đại học,Chính thức,22636974.96,2,,,,,,,,,
Nam,28,Đại học,Chính thức,42776187.15,5,,,,,,,,,
Nam,29,Đại học,Chính thức,13623248.06,3,,,,,,,,,
Nam,62,Đại học,Chính thức,17014701.56,4,,,,,,,,,
Nữ,29,Đại học,Chính thức,13319415.86,4,,,,,,,,,
Nữ,39,Đại học,Chính thức,26419980.28,2,,,,,,,,,
Nam,40,Đại học,Chính thức,21497103.25,2,,,,,,,,,
Nam,31,Đại học,Chính thức,18303641.63,3,,,,,,,,,
Nữ,27,Đại học,Chính thức,19493068.49,3,,,,,,,,,
Nữ,40,Đại học,Chính thức,12300303.83,4,,,,,,,,,
Nữ,51,Cao đẳng - Trung cấp nghề,Chính thức,14384102.71,3,,,,,,,,,
Nam,46,Đại học,Chính thức,40098463.69,2,,,,,,,,,
Nữ,43,Đại học,Chính thức,37657239.29,2,,,,,,,,,
Nam,34,Đại học,Chính thức,13671273.15,7,,,,,,,,,
Nữ,49,Đại học,Chính thức,24641581.77,2,,,,,,,,,
Nam,49,Đại học,Chính thức,21343161.6,2,,,,,,,,,
Nữ,43,Thạc sĩ - Tiến sĩ,Chính thức,20798882.68,4,,,,,,,,,
Nam,43,Đại học,Chính thức,13760070.57,9,,,,,,,,,
Nữ,33,Đại học,Chính thức,12486523.57,3,,,,,,,,,
Nam,50,Đại học,Chính thức,18730602.11,2,,,,,,,,,
Nam,40,Đại học,Chính thức,17729295.31,4,,,,,,,,,
Nam,28,Cao đẳng - Trung cấp nghề,Chính thức,13809663.82,6,,,,,,,,,
Nam,30,Cao đẳng - Trung cấp nghề,Chính thức,16858080.96,4,,,,,,,,,
Nam,37,Đại học,Chính thức,17162795.26,3,,,,,,,,,
Nữ,37,Thạc sĩ - Tiến sĩ,Chính thức,22068590.94,3,,,,,,,,,
Nam,55,Cao đẳng - Trung cấp nghề,Chính thức,16073115.75,3,,,,,,,,,
Nam,45,Đại học,Phi chính thức,14054885.82,4,,,,,,,,,
Nam,40,Đại học,Chính thức,24505531.82,5,,,,,,,,,
Nam,33,Đại học,Chính thức,16506517.69,4,,,,,,,,,
Nam,47,Đại học,Chính thức,12637655.59,3,,,,,,,,,
Nam,45,THPT,Chính thức,15780358.72,2,,,,,,,,,
Nữ,44,Đại học,Chính thức,15138586.69,1,,,,,,,,,
Nam,42,Đại học,Chính thức,15132118,4,,,,,,,,,
Nam,54,Đại học,Chính thức,20775087.94,7,,,,,,,,,
Nam,27,Cao đẳng - Trung cấp nghề,Chính thức,15033813.58,6,,,,,,,,,
Nữ,26,Cao đẳng - Trung cấp nghề,Chính thức,13515632.66,6,,,,,,,,,
Nam,46,Thạc sĩ - Tiến sĩ,Chính thức,18600558.66,5,,,,,,,,,
Nam,32,THPT,Chính thức,12584533.96,3,,,,,,,,,
Nữ,33,Đại học,Chính thức,16000294.03,7,,,,,,,,,
Nam,38,Đại học,Chính thức,16503871.41,4,,,,,,,,,
Nam,39,THPT,Chính thức,13806821.52,4,,,,,,,,,
Nam,31,Đại học,Chính thức,17584827.99,6,,,,,,,,,
Nam,33,THPT,Chính thức,14741546.6,4,,,,,,,,,
Nam,37,THPT,Chính thức,12731549.54,5,,,,,,,,,
Nam,41,Đại học,Chính thức,17145153.39,4,,,,,,,,,
Nữ,36,Đại học,Chính thức,12584239.93,4,,,,,,,,,
Nam,31,Khác,Chính thức,13172988.34,6,,,,,,,,,
Nam,45,Đại học,Chính thức,13510830.15,5,,,,,,,,,
Nữ,43,Đại học,Phi chính thức,14933058.9,1,,,,,,,,,
Nam,34,Khác,Chính thức,15898853.28,2,,,,,,,,,
Nam,24,Đại học,Chính thức,13308438.69,5,,,,,,,,,
Nam,60,THPT,Phi chính thức,12929824.56,3,,,,,,,,,
Nam,37,THPT,Chính thức,14938645.5,4,,,,,,,,,
Nam,43,THPT,Chính thức,13854944.62,4,,,,,,,,,
Nam,45,Thạc sĩ - Tiến sĩ,Chính thức,26750356.01,4,,,,,,,,,
Nam,56,Đại học,Chính thức,17739390.38,2,,,,,,,,,
Nam,54,Đại học,Chính thức,16210722.34,1,,,,,,,,,
Nữ,54,Đại học,Chính thức,22325470.72,2,,,,,,,,,
Nam,53,Thạc sĩ - Tiến sĩ,Chính thức,17533372.54,4,,,,,,,,,
Nữ,37,Đại học,Chính thức,18652803.64,4,,,,,,,,,
Nam,38,Cao đẳng - Trung cấp nghề,Chính thức,13368421.05,6,,,,,,,,,
Nữ,30,Cao đẳng - Trung cấp nghề,Chính thức,12780554.74,6,,,,,,,,,
Nam,22,Khác,Phi chính thức,13467411.55,5,,,,,,,,,
Nam,41,THPT,Chính thức,19117835.71,4,,,,,,,,,
Nữ,50,Đại học,Chính thức,12336273.65,3,,,,,,,,,
Nam,35,Đại học,Chính thức,18145354.85,5,,,,,,,,,
Nam,42,Cao đẳng - Trung cấp nghề,Chính thức,13958345.58,4,,,,,,,,,
Nam,34,Đại học,Chính thức,16602371.85,4,,,,,,,,,
Nam,44,Khác,Phi chính thức,15718220.13,6,,,,,,,,,
Nam,57,Khác,Chính thức,13528962.07,2,,,,,,,,,
Nam,41,Khác,Chính thức,16229834.36,3,,,,,,,,,
Nữ,25,Thạc sĩ - Tiến sĩ,Chính thức,16472802.12,5,,,,,,,,,
Nữ,41,Cao đẳng - Trung cấp nghề,Chính thức,21742499.48,5,,,,,,,,,
Nữ,52,Thạc sĩ - Tiến sĩ,Chính thức,26419213.5,4,,,,,,,,,
Nam,55,Khác,Phi chính thức,12486327.55,4,,,,,,,,,
Nam,49,Khác,Phi chính thức,30977653.63,3,,,,,,,,,
Nam,52,THPT,Chính thức,19219739.29,3,,,,,,,,,
Nam,44,Cao đẳng - Trung cấp nghề,Chính thức,13956679.41,3,,,,,,,,,
Nam,25,Đại học,Phi chính thức,15229932.37,7,,,,,,,,,
Nam,29,Khác,Chính thức,14426051.16,8,,,,,,,,,
Nam,51,THPT,Chính thức,14971380.97,5,,,,,,,,,
Nam,33,Khác,Phi chính thức,13123787.12,4,,,,,,,,,
Nam,58,Khác,Phi chính thức,25976010.52,5,,,,,,,,,
Nữ,54,Đại học,Chính thức,15834264.43,3,,,,,,,,,
Nam,59,Thạc sĩ - Tiến sĩ,Chính thức,22516863.23,2,,,,,,,,,
Nam,31,Thạc sĩ - Tiến sĩ,Chính thức,15101244.73,2,,,,,,,,,
Nam,25,Thạc sĩ - Tiến sĩ,Chính thức,12738998.33,2,,,,,,,,,
Nam,54,Đại học,Chính thức,15463785.16,4,,,,,,,,,
Nam,35,Đại học,Chính thức,17888268.16,2,,,,,,,,,
Nữ,35,Thạc sĩ - Tiến sĩ,Chính thức,15525433.7,2,,,,,,,,,
Nữ,52,Cao đẳng - Trung cấp nghề,Chính thức,24065505.53,2,,,,,,,,,
Nam,50,Đại học,Chính thức,15949916.69,2,,,,,,,,,
Nữ,49,THPT,Chính thức,24682769.2,2,,,,,,,,,
Nam,37,THPT,Phi chính thức,17523963.54,4,,,,,,,,,
Nam,39,Đại học,Chính thức,21033002.28,6,,,,,,,,,
Nữ,45,Đại học,Chính thức,13369695.19,4,,,,,,,,,
Nữ,48,Đại học,Chính thức,12340488.09,4,,,,,,,,,
Nam,40,THPT,Phi chính thức,18705462.45,8,,,,,,,,,
Nam,42,Khác,Phi chính thức,15344408.51,4,,,,,,,,,
Nam,59,Đại học,Chính thức,29948187.1,5,,,,,,,,,
Nam,40,Khác,Phi chính thức,13891208.47,4,,,,,,,,,
Nam,31,THPT,Phi chính thức,16797118.49,4,,,,,,,,,
Nam,26,Cao đẳng - Trung cấp nghề,Chính thức,17034107.62,2,,,,,,,,,
Nữ,44,Khác,Phi chính thức,14055963.93,6,,,,,,,,,
Nam,51,Cao đẳng - Trung cấp nghề,Phi chính thức,17531216.31,4,,,,,,,,,
Nữ,47,Khác,Phi chính thức,13675095.56,3,,,,,,,,,
Nam,47,Khác,Phi chính thức,13075369.99,4,,,,,,,,,
Nam,63,Đại học,Phi chính thức,15877683.03,2,,,,,,,,,
Nam,48,Khác,Chính thức,13123199.06,2,,,,,,,,,
Nam,54,Khác,Phi chính thức,12572968.73,4,,,,,,,,,
Nam,49,THPT,Chính thức,16096932.27,3,,,,,,,,,
Nữ,40,Đại học,Chính thức,12781926.88,4,,,,,,,,,
Nam,42,Khác,Chính thức,17905855.58,4,,,,,,,,,
Nam,28,Đại học,Chính thức,15541507.4,3,,,,,,,,,
Nam,33,Đại học,Chính thức,19487585.35,6,,,,,,,,,
Nam,35,Khác,Phi chính thức,12572086.64,2,,,,,,,,,
Nữ,37,Cao đẳng - Trung cấp nghề,Chính thức,23033105.73,3,,,,,,,,,
Nam,24,Đại học,Chính thức,16648142.7,5,,,,,,,,,
Nam,25,Đại học,Chính thức,19823505.07,3,,,,,,,,,
Nam,28,Khác,Phi chính thức,12571890.62,3,,,,,,,,,
Nữ,48,Đại học,Chính thức,14246888.17,4,,,,,,,,,
Nam,39,Đại học,Chính thức,17585024.01,5,,,,,,,,,
Nam,15,Khác,Phi chính thức,15877585.02,2,,,,,,,,,
Nam,22,Khác,Phi chính thức,15877585.02,2,,,,,,,,,
Nam,33,Khác,Phi chính thức,15877094.97,5,,,,,,,,,
Nam,36,Đại học,Chính thức,14447319.42,3,,,,,,,,,
Nam,50,Thạc sĩ - Tiến sĩ,Chính thức,17876408.9,2,,,,,,,,,
Nữ,48,Thạc sĩ - Tiến sĩ,Chính thức,21600662.11,2,,,,,,,,,
Nam,47,Thạc sĩ - Tiến sĩ,Chính thức,20050382.79,2,,,,,,,,,
Nữ,46,Thạc sĩ - Tiến sĩ,Chính thức,16505439.58,2,,,,,,,,,
Nam,29,THPT,Chính thức,14741840.64,6,,,,,,,,,
Nữ,40,Cao đẳng - Trung cấp nghề,Phi chính thức,13495540.53,5,,,,,,,,,
Nam,36,Đại học,Chính thức,17485935.51,2,,,,,,,,,
Nữ,32,Đại học,Chính thức,28175594.26,2,,,,,,,,,
Nữ,50,THPT,Chính thức,17152406.16,3,,,,,,,,,
Nam,43,Đại học,Chính thức,12323434.28,5,,,,,,,,,
Nữ,23,Đại học,Chính thức,13763598.94,3,,,,,,,,,
Nam,54,THPT,Chính thức,27320845.66,5,,,,,,,,,
Nam,35,Đại học,Chính thức,13075762.03,4,,,,,,,,,
Nam,38,Đại học,Chính thức,15514162.5,4,,,,,,,,,
Nam,32,Khác,Phi chính thức,12586298.15,5,,,,,,,,,
Nam,25,Khác,Phi chính thức,12322454.18,4,,,,,,,,,
Nam,36,Khác,Chính thức,14298245.61,4,,,,,,,,,
Nam,47,Khác,Phi chính thức,14828481.82,4,,,,,,,,,
Nam,62,THPT,Chính thức,36746042.83,5,,,,,,,,,
Nam,45,Khác,Phi chính thức,12654709.4,5,,,,,,,,,
Nam,33,Cao đẳng - Trung cấp nghề,Chính thức,17189356.07,5,,,,,,,,,
Nam,27,Cao đẳng - Trung cấp nghề,Chính thức,13985396.45,4,,,,,,,,,
Nam,32,THPT,Phi chính thức,17483289.23,5,,,,,,,,,
Nam,28,Đại học,Chính thức,12495442.52,3,,,,,,,,,
Nam,40,Đại học,Chính thức,13204841.71,4,,,,,,,,,
Nữ,48,THPT,Chính thức,15851808.29,4,,,,,,,,,
Nam,61,Đại học,Chính thức,13330295.01,5,,,,,,,,,
Nam,26,Đại học,Chính thức,13220719.4,4,,,,,,,,,
Nam,56,THPT,Phi chính thức,12584435.95,7,,,,,,,,,
Nam,52,Đại học,Chính thức,16777810.45,3,,,,,,,,,
Nữ,46,Đại học,Chính thức,14201215.33,2,,,,,,,,,
Nữ,25,Cao đẳng - Trung cấp nghề,Chính thức,14475056.36,6,,,,,,,,,
Nữ,44,Đại học,Chính thức,12465549.35,4,,,,,,,,,
Nữ,51,Đại học,Chính thức,19850300.02,4,,,,,,,,,
Nam,34,Đại học,Chính thức,13062040.58,2,,,,,,,,,
Nam,39,Đại học,Chính thức,14720670.39,3,,,,,,,,,
Nữ,34,Đại học,Chính thức,13034695.68,3,,,,,,,,,
Nam,57,Thạc sĩ - Tiến sĩ,Chính thức,17569146.33,3,,,,,,,,,
Nữ,30,Đại học,Chính thức,24129696.57,5,,,,,,,,,
Nam,50,THPT,Chính thức,16253552.88,4,,,,,,,,,
Nữ,46,Đại học,Chính thức,15944134.08,2,,,,,,,,,
Nam,46,Cao đẳng - Trung cấp nghề,Chính thức,16282171.91,2,,,,,,,,,
Nam,50,Đại học,Chính thức,16496128.59,3,,,,,,,,,
Nữ,50,Cao đẳng - Trung cấp nghề,Chính thức,14252768.79,6,,,,,,,,,
Nam,58,Đại học,Chính thức,12339507.99,2,,,,,,,,,
Nam,32,THPT,Chính thức,25154343.3,3,,,,,,,,,
Nam,39,Đại học,Chính thức,15861315.3,3,,,,,,,,,
Nữ,46,Đại học,Phi chính thức,13103793,3,,,,,,,,,
Nam,46,Đại học,Chính thức,27239675.76,4,,,,,,,,,
Nữ,40,Đại học,Chính thức,13615995.3,6,,,,,,,,,
Nam,48,THPT,Phi chính thức,23574214.04,7,,,,,,,,,
Nam,36,Đại học,Chính thức,36055167.6,4,,,,,,,,,
Nam,37,Đại học,Chính thức,31253368.39,4,,,,,,,,,
Nam,33,THPT,Chính thức,12582671.76,5,,,,,,,,,
Nam,38,Khác,Chính thức,13308732.73,1,,,,,,,,,
Nam,41,Đại học,Chính thức,20529381.34,3,,,,,,,,,
Nữ,40,Đại học,Chính thức,19258431.62,2,,,,,,,,,
Nam,55,Đại học,Chính thức,48253382.99,2,,,,,,,,,
Nam,29,Đại học,Chính thức,13073605.8,6,,,,,,,,,
Nam,57,Đại học,Chính thức,12385278.84,2,,,,,,,,,
Nữ,35,Đại học,Chính thức,13760854.65,4,,,,,,,,,
Nam,58,Đại học,Chính thức,29598751.23,2,,,,,,,,,
Nữ,30,Đại học,Chính thức,30255997.37,2,,,,,,,,,
Nữ,30,Đại học,Chính thức,12957365.48,2,,,,,,,,,
Nam,29,Đại học,Phi chính thức,12290894.83,1,,,,,,,,,
Nữ,48,Khác,Chính thức,12446927.37,1,,,,,,,,,
Nam,38,Khác,Phi chính thức,20774053.38,4,,,,,,,,,
Nam,27,Khác,Chính thức,12388709.2,1,,,,,,,,,
Nam,40,Đại học,Chính thức,14543369.6,6,,,,,,,,,
Nam,28,THPT,Chính thức,20049244.78,3,,,,,,,,,
Nam,35,THPT,Phi chính thức,14348720.96,2,,,,,,,,,
Nam,33,Khác,Chính thức,41261173.18,7,,,,,,,,,
Nam,48,Khác,Phi chính thức,15766735.27,1,,,,,,,,,
Nữ,36,Cao đẳng - Trung cấp nghề,Chính thức,25983130.68,4,,,,,,,,,
Nam,32,Đại học,Chính thức,51148727.5,3,,,,,,,,,
Nam,22,Khác,Chính thức,14975791.43,2,,,,,,,,,
Nữ,42,Khác,Chính thức,15269822.6,3,,,,,,,,,
Nam,44,Khác,Chính thức,17465157.31,3,,,,,,,,,
Nữ,48,Khác,Chính thức,12692933.45,2,,,,,,,,,
Nam,43,Đại học,Chính thức,18105007.24,1,,,,,,,,,
Nữ,43,Đại học,Chính thức,20339644.11,1,,,,,,,,,
Nam,32,Đại học,Chính thức,28608938.55,3,,,,,,,,,
Nam,30,Đại học,Chính thức,22462549.14,1,,,,,,,,,
Nam,35,THPT,Chính thức,20794537.55,1,,,,,,,,,
Nam,26,Khác,Chính thức,13584827.99,2,,,,,,,,,
Nữ,26,Khác,Chính thức,12820248.95,1,,,,,,,,,
Nam,49,Khác,Chính thức,13369303.15,5,,,,,,,,,
Nam,39,Khác,Chính thức,12629324.71,2,,,,,,,,,
Nam,27,Khác,Chính thức,14034695.68,1,,,,,,,,,
Nữ,28,Đại học,Chính thức,14818778.79,1,,,,,,,,,
Nữ,41,THPT,Chính thức,13170146.04,4,,,,,,,,,
Nữ,30,Khác,Chính thức,17093011.86,5,,,,,,,,,
Nữ,21,Khác,Chính thức,18270535.9,2,,,,,,,,,
Nam,31,THPT,Chính thức,20018932.34,3,,,,,,,,,
Nam,51,Khác,Phi chính thức,12584533.96,1,,,,,,,,,
Nữ,49,Khác,Chính thức,16955797.31,1,,,,,,,,,
Nữ,24,Đại học,Chính thức,17406645.1,2,,,,,,,,,
Nam,45,THPT,Chính thức,12302068.02,4,,,,,,,,,
Nam,32,Cao đẳng - Trung cấp nghề,Chính thức,22242499.48,3,,,,,,,,,
Nam,33,THPT,Chính thức,20018311.61,2,,,,,,,,,
Nam,25,Khác,Chính thức,13025384.69,2,,,,,,,,,
Nam,36,Khác,Chính thức,18943616.8,5,,,,,,,,,
Nữ,36,Khác,Chính thức,12908262.28,1,,,,,,,,,
Nam,41,Khác,Chính thức,17387435.07,1,,,,,,,,,
Nam,34,THPT,Chính thức,12683132.41,2,,,,,,,,,
Nam,17,Khác,Chính thức,13876702.93,4,,,,,,,,,
Nữ,38,Khác,Chính thức,13768989.51,4,,,,,,,,,
Nam,40,THPT,Chính thức,13271096.74,4,,,,,,,,,
Nữ,27,THPT,Chính thức,12879055.18,1,,,,,,,,,
Nữ,29,Khác,Chính thức,13418112.32,1,,,,,,,,,
Nam,26,THPT,Chính thức,13351955.31,1,,,,,,,,,
Nam,46,Khác,Chính thức,12667156.72,1,,,,,,,,,
Nữ,45,Khác,Chính thức,14331863.18,1,,,,,,,,,
Nam,27,Khác,Phi chính thức,15622365.97,2,,,,,,,,,
Nữ,23,THPT,Chính thức,12878565.13,1,,,,,,,,,
Nam,38,Khác,Chính thức,15632657.06,1,,,,,,,,,
Nam,30,THPT,Phi chính thức,15917671.27,4,,,,,,,,,
Nữ,27,Khác,Chính thức,12881309.42,1,,,,,,,,,
Nam,29,Khác,Chính thức,13802607.08,1,,,,,,,,,
Nữ,43,Đại học,Chính thức,20960066.21,1,,,,,,,,,
Nữ,38,Khác,Chính thức,16703322.55,1,,,,,,,,,
Nữ,42,Khác,Chính thức,14811722.04,1,,,,,,,,,
Nam,38,Khác,Chính thức,14853376.46,2,,,,,,,,,
Nữ,44,Khác,Chính thức,13399686.37,5,,,,,,,,,
Nữ,20,THPT,Chính thức,13053807.7,3,,,,,,,,,
Nam,32,Khác,Chính thức,19731429.75,4,,,,,,,,,
Nam,36,THPT,Chính thức,13524747.62,5,,,,,,,,,
Nữ,38,THPT,Chính thức,12368127.02,2,,,,,,,,,
Nam,36,Khác,Chính thức,13201117.32,3,,,,,,,,,
Nữ,39,Đại học,Chính thức,15879055.18,4,,,,,,,,,
Nam,40,Khác,Phi chính thức,16583749.88,1,,,,,,,,,
Nam,37,THPT,Phi chính thức,15426541.21,3,,,,,,,,,
Nam,41,Khác,Phi chính thức,14348720.96,5,,,,,,,,,
Nữ,38,Đại học,Chính thức,13074487.9,3,,,,,,,,,
Nữ,37,Thạc sĩ - Tiến sĩ,Chính thức,19222636.04,2,,,,,,,,,
Nam,47,THPT,Chính thức,17991413.2,2,,,,,,,,,
Nam,27,Khác,Phi chính thức,19326608.73,3,,,,,,,,,
Nam,40,Khác,Phi chính thức,18758328.16,5,,,,,,,,,
Nam,46,Cao đẳng - Trung cấp nghề,Chính thức,158374158.4,4,,,,,,,,,
Nam,40,THPT,Chính thức,23463169.87,4,,,,,,,,,
Nữ,35,Đại học,Chính thức,18755431.41,4,,,,,,,,,
Nam,25,Khác,Chính thức,15054395.77,5,,,,,,,,,
Nam,28,Đại học,Chính thức,14192884.45,1,,,,,,,,,
Nữ,39,Khác,Chính thức,17483877.29,5,,,,,,,,,
Nam,54,Khác,Chính thức,24467630.63,2,,,,,,,,,
Nữ,50,Khác,Chính thức,22650631.08,2,,,,,,,,,
Nữ,36,Đại học,Chính thức,20422098.08,6,,,,,,,,,
Nam,30,Đại học,Chính thức,12681858.28,6,,,,,,,,,
Nam,53,Đại học,Chính thức,16456532.39,2,,,,,,,,,
Nữ,51,THPT,Chính thức,23136664.6,2,,,,,,,,,
Nữ,49,Khác,Chính thức,15564931.88,4,,,,,,,,,
Nữ,35,THPT,Chính thức,15565029.89,4,,,,,,,,,
Nữ,28,Khác,Chính thức,15369009.11,3,,,,,,,,,
Nữ,38,THPT,Chính thức,15661276.1,4,,,,,,,,,
Nữ,35,Đại học,Chính thức,20945272.09,1,,,,,,,,,
Nữ,37,Đại học,Chính thức,13269528.57,3,,,,,,,,,
Nam,32,Đại học,Chính thức,12829559.93,3,,,,,,,,,
Nam,42,THPT,Chính thức,19106352.16,2,,,,,,,,,
Nữ,36,THPT,Chính thức,18115663.15,1,,,,,,,,,
Nữ,43,Đại học,Chính thức,18166459.76,3,,,,,,,,,
Nam,28,Đại học,Chính thức,16386552.97,3,,,,,,,,,
Nữ,30,Đại học,Chính thức,23420442.79,3,,,,,,,,,
Nữ,30,Đại học,Chính thức,13264824.07,2,,,,,,,,,
Nam,58,THPT,Chính thức,35267108.94,2,,,,,,,,,
Nữ,55,THPT,Chính thức,12535528.77,2,,,,,,,,,
Nam,32,Khác,Phi chính thức,16994413.41,5,,,,,,,,,
Nữ,31,Cao đẳng - Trung cấp nghề,Chính thức,12839360.97,1,,,,,,,,,
Nam,33,THPT,Chính thức,13035381.75,2,,,,,,,,,
Nam,39,Thạc sĩ - Tiến sĩ,Chính thức,32101654.07,3,,,,,,,,,
Nữ,37,Đại học,Chính thức,16768205.43,3,,,,,,,,,
Nam,30,Đại học,Chính thức,16872782.51,2,,,,,,,,,
Nữ,36,THPT,Chính thức,15766735.27,2,,,,,,,,,
Nam,43,Đại học,Chính thức,28336510.02,2,,,,,,,,,
Nam,49,Khác,Chính thức,13251004.61,5,,,,,,,,,
Nữ,33,Khác,Chính thức,13408115.26,2,,,,,,,,,
Nam,54,Khác,Phi chính thức,15819268.84,2,,,,,,,,,
Nam,33,Khác,Phi chính thức,15819268.84,2,,,,,,,,,
Nam,43,THPT,Chính thức,23651440.46,4,,,,,,,,,
Nam,27,Đại học,Chính thức,16038028.03,2,,,,,,,,,
Nữ,52,THPT,Chính thức,30923978.53,2,,,,,,,,,
Nam,27,Đại học,Chính thức,20394165.11,1,,,,,,,,,
Nữ,60,Đại học,Chính thức,52087274.98,2,,,,,,,,,
Nam,58,Thạc sĩ - Tiến sĩ,Chính thức,31064410.12,2,,,,,,,,,
Nữ,33,Đại học,Chính thức,25283601.71,1,,,,,,,,,
Nam,32,Đại học,Chính thức,26798663.6,1,,,,,,,,,
Nam,50,THPT,Chính thức,21043865.09,4,,,,,,,,,
Nam,26,THPT,Chính thức,12661864.16,4,,,,,,,,,
Nam,49,Khác,Chính thức,33424697.39,5,,,,,,,,,
Nam,39,Đại học,Chính thức,17917339.13,4,,,,,,,,,
Nữ,36,Khác,Chính thức,14927374.3,4,,,,,,,,,
Nữ,36,Khác,Chính thức,12564441.83,2,,,,,,,,,
Nam,32,Khác,Phi chính thức,17112613.94,3,,,,,,,,,
Nam,43,THPT,Chính thức,37684473.93,4,,,,,,,,,
Nam,48,Khác,Chính thức,29481323.26,2,,,,,,,,,
Nữ,46,Khác,Chính thức,16247868.27,2,,,,,,,,,
Nam,36,Khác,Phi chính thức,13465941.39,4,,,,,,,,,
Nam,47,Khác,Phi chính thức,12388513.18,5,,,,,,,,,
Nam,38,Khác,Chính thức,14369891.21,2,,,,,,,,,
Nữ,43,THPT,Chính thức,24001752.66,2,,,,,,,,,
Nam,42,Khác,Chính thức,13014211.51,2,,,,,,,,,
Nam,38,Đại học,Chính thức,13859061.06,4,,,,,,,,,
Nữ,46,Đại học,Chính thức,19193668.53,2,,,,,,,,,
Nữ,53,Cao đẳng - Trung cấp nghề,Chính thức,12486131.53,3,,,,,,,,,
Nữ,49,THPT,Chính thức,12598647.46,4,,,,,,,,,
Nam,37,THPT,Phi chính thức,14546407.92,5,,,,,,,,,
Nam,55,Đại học,Chính thức,13545623.84,2,,,,,,,,,
Nam,51,Khác,Chính thức,14196706.85,5,,,,,,,,,
Nam,49,Khác,Phi chính thức,14202293.44,3,,,,,,,,,
Nữ,43,Khác,Chính thức,14074977.95,2,,,,,,,,,
Nam,33,THPT,Chính thức,15425855.14,4,,,,,,,,,
Nam,34,Khác,Chính thức,13299127.71,4,,,,,,,,,
Nữ,32,THPT,Chính thức,14162403.21,3,,,,,,,,,
Nam,41,THPT,Chính thức,19389406.17,6,,,,,,,,,
Nam,22,THPT,Chính thức,14123003.04,4,,,,,,,,,
Nam,23,THPT,Chính thức,12753797.9,2,,,,,,,,,
Nam,49,Khác,Chính thức,14088601.39,3,,,,,,,,,
Nam,36,Khác,Chính thức,12941193.77,2,,,,,,,,,
Nữ,32,Đại học,Chính thức,14421444.67,2,,,,,,,,,
Nam,31,Đại học,Chính thức,21219015.1,2,,,,,,,,,
Nam,49,Khác,Phi chính thức,12492306.18,2,,,,,,,,,
Nam,24,Khác,Chính thức,14212878.57,3,,,,,,,,,
Nam,28,Đại học,Chính thức,14641085.96,7,,,,,,,,,
Nam,36,THPT,Chính thức,31357651.44,2,,,,,,,,,
Nam,43,THPT,Chính thức,30960784.31,3,,,,,,,,,
Nam,36,Đại học,Chính thức,26719246.36,3,,,,,,,,,
Nam,57,THPT,Chính thức,18497827.44,5,,,,,,,,,
Nam,30,Đại học,Chính thức,20669149.6,6,,,,,,,,,
Nam,39,THPT,Chính thức,22428201.94,4,,,,,,,,,
Nữ,28,Đại học,Chính thức,13325786.53,3,,,,,,,,,
Nam,35,Đại học,Chính thức,52619366.85,6,,,,,,,,,
Nữ,22,THPT,Phi chính thức,17578163.29,4,,,,,,,,,
Nữ,37,THPT,Phi chính thức,14032833.48,2,,,,,,,,,
Nam,42,THPT,Chính thức,12311771.05,1,,,,,,,,,
Nữ,44,Khác,Chính thức,14336371.66,3,,,,,,,,,
Nam,43,Khác,Chính thức,13271096.74,5,,,,,,,,,
Nam,38,THPT,Phi chính thức,14644908.36,4,,,,,,,,,
Nam,38,Khác,Phi chính thức,12716946,2,,,,,,,,,
Nam,51,Đại học,Chính thức,12879447.22,2,,,,,,,,,
Nữ,26,THPT,Chính thức,14437714.4,7,,,,,,,,,
Nam,28,Đại học,Phi chính thức,12689797.12,5,,,,,,,,,
Nam,50,Khác,Phi chính thức,15147015.58,2,,,,,,,,,
Nam,35,THPT,Chính thức,16796824.46,4,,,,,,,,,
Nam,42,THPT,Chính thức,15309124.77,4,,,,,,,,,
Nữ,21,THPT,Chính thức,12761932.76,4,,,,,,,,,
Nam,46,Đại học,Chính thức,20861266.29,4,,,,,,,,,
Nữ,45,Đại học,Chính thức,14154268.35,2,,,,,,,,,
Nam,33,Đại học,Chính thức,22906269.4,3,,,,,,,,,
Nam,32,Cao đẳng - Trung cấp nghề,Chính thức,22924581.01,3,,,,,,,,,
Nữ,22,Đại học,Chính thức,17136822.5,1,,,,,,,,,
Nam,64,THPT,Chính thức,23391785.64,1,,,,,,,,,
Nam,62,THPT,Chính thức,14596295.21,1,,,,,,,,,
Nam,29,Đại học,Chính thức,33579841.71,2,,,,,,,,,
Nam,40,Đại học,Chính thức,41713337.99,3,,,,,,,,,
Nữ,36,Thạc sĩ - Tiến sĩ,Chính thức,41582169.46,2,,,,,,,,,
Nam,36,Đại học,Chính thức,23634571.15,4,,,,,,,,,
Nữ,46,THPT,Chính thức,18960893.85,2,,,,,,,,,
Nữ,34,Đại học,Chính thức,74589518.49,3,,,,,,,,,
Nam,48,THPT,Chính thức,15921493.68,2,,,,,,,,,
Nữ,56,Cao đẳng - Trung cấp nghề,Chính thức,17799176.71,3,,,,,,,,,
Nữ,50,Đại học,Chính thức,73839585,2,,,,,,,,,
Nam,51,Đại học,Chính thức,54021973.93,2,,,,,,,,,
Nữ,43,Cao đẳng - Trung cấp nghề,Chính thức,21526174.22,2,,,,,,,,,
Nam,46,Đại học,Chính thức,28325555.92,2,,,,,,,,,
Nam,52,Khác,Chính thức,14424090.95,2,,,,,,,,,
Nữ,48,THPT,Chính thức,29356556.03,2,,,,,,,,,
Nam,52,Khác,Chính thức,17138586.69,2,,,,,,,,,
Nữ,52,Khác,Chính thức,15426443.2,1,,,,,,,,,
Nam,24,Đại học,Chính thức,15975497.4,2,,,,,,,,,
Nam,62,THPT,Chính thức,25341767.99,3,,,,,,,,,
Nam,48,Cao đẳng - Trung cấp nghề,Chính thức,24193230.36,2,,,,,,,,,
Nữ,45,Đại học,Chính thức,18894061.66,2,,,,,,,,,
Nam,39,Khác,Phi chính thức,12859649.12,4,,,,,,,,,
Nam,30,Đại học,Chính thức,22204738.26,2,,,,,,,,,
Nam,26,Cao đẳng - Trung cấp nghề,Chính thức,17579633.44,2,,,,,,,,,
Nữ,45,Cao đẳng - Trung cấp nghề,Chính thức,18494516.86,2,,,,,,,,,
Nam,47,THPT,Chính thức,52812787.09,2,,,,,,,,,
Nam,30,Đại học,Chính thức,18612249.12,3,,,,,,,,,
Nam,42,Thạc sĩ - Tiến sĩ,Chính thức,28079088.62,2,,,,,,,,,
Nữ,39,Đại học,Chính thức,22342747.78,2,,,,,,,,,
Nam,30,THPT,Chính thức,16198569.05,2,,,,,,,,,
Nam,28,THPT,Chính thức,19428305.4,2,,,,,,,,,
Nữ,26,Đại học,Chính thức,18378646.8,1,,,,,,,,,
Nữ,33,Đại học,Chính thức,15148191.71,3,,,,,,,,,
Nam,37,Đại học,Chính thức,18704427.89,3,,,,,,,,,
Nữ,37,Đại học,Chính thức,28077774.13,2,,,,,,,,,
Nam,38,Thạc sĩ - Tiến sĩ,Chính thức,28077774.13,2,,,,,,,,,
Nữ,50,Đại học,Chính thức,16584533.96,1,,,,,,,,,
Nam,54,Cao đẳng - Trung cấp nghề,Chính thức,17357737.92,2,,,,,,,,,
Nữ,36,THPT,Phi chính thức,16276487.31,6,,,,,,,,,
Nữ,61,THPT,Chính thức,30795377.37,2,,,,,,,,,
Nam,51,Cao đẳng - Trung cấp nghề,Chính thức,23511556.58,2,,,,,,,,,
Nam,38,Đại học,Phi chính thức,32031109.65,3,,,,,,,,,
Nữ,38,Đại học,Chính thức,19312124.97,2,,,,,,,,,
Nam,35,Thạc sĩ - Tiến sĩ,Chính thức,14599235.52,4,,,,,,,,,
Nam,41,Đại học,Chính thức,13703126.53,4,,,,,,,,,
Nam,49,Đại học,Chính thức,21992447.76,2,,,,,,,,,
Nữ,45,Đại học,Chính thức,21526174.22,2,,,,,,,,,
Nữ,36,Đại học,Chính thức,13324708.42,3,,,,,,,,,
Nam,30,Đại học,Chính thức,13324708.42,2,,,,,,,,,
Nam,38,Đại học,Chính thức,13325492.5,2,,,,,,,,,
Nữ,34,Đại học,Chính thức,12394001.76,1,,,,,,,,,
Nam,28,Đại học,Phi chính thức,14256983.24,2,,,,,,,,,
Nữ,39,Đại học,Chính thức,12497402.72,1,,,,,,,,,
Nam,33,Đại học,Chính thức,15499362.93,3,,,,,,,,,
Nam,37,Đại học,Chính thức,23511008.87,1,,,,,,,,,
Nữ,45,Đại học,Chính thức,19777674.32,1,,,,,,,,,
Nam,45,Đại học,Chính thức,22576039.73,1,,,,,,,,,
Nữ,47,Đại học,Chính thức,35284916.2,2,,,,,,,,,
Nam,48,Thạc sĩ - Tiến sĩ,Chính thức,32661545.62,1,,,,,,,,,
Nam,21,Cao đẳng - Trung cấp nghề,Chính thức,22808710.95,1,,,,,,,,,
Nữ,25,Cao đẳng - Trung cấp nghề,Chính thức,26970971.63,5,,,,,,,,,
Nam,29,Đại học,Phi chính thức,15921297.66,3,,,,,,,,,
Nữ,27,Đại học,Chính thức,13712241.5,2,,,,,,,,,
Nữ,47,Đại học,Chính thức,20242809.85,2,,,,,,,,,
Nam,48,Đại học,Chính thức,12717926.1,1,,,,,,,,,
Nữ,42,Thạc sĩ - Tiến sĩ,Chính thức,25732281.74,3,,,,,,,,,
Nam,30,Đại học,Chính thức,16326962.66,2,,,,,,,,,
Nữ,35,Đại học,Chính thức,17465451.34,2,,,,,,,,,
Nữ,26,Đại học,Chính thức,19661080.07,1,,,,,,,,,
Nam,44,Đại học,Chính thức,41188314.71,2,,,,,,,,,
Nữ,44,Đại học,Chính thức,33580423.65,2,,,,,,,,,
Nữ,37,Đại học,Chính thức,23180943.51,2,,,,,,,,,
Nam,38,Đại học,Chính thức,17136136.43,2,,,,,,,,,
Nữ,28,Thạc sĩ - Tiến sĩ,Chính thức,17324512.4,4,,,,,,,,,
Nam,29,Đại học,Chính thức,17026462.81,2,,,,,,,,,
Nam,56,Thạc sĩ - Tiến sĩ,Chính thức,38171205.77,2,,,,,,,,,
Nữ,44,Đại học,Chính thức,29684631.39,3,,,,,,,,,
Nam,42,Đại học,Chính thức,21158390.23,3,,,,,,,,,
Nữ,41,Đại học,Chính thức,25765801.29,3,,,,,,,,,
Nam,45,Đại học,Chính thức,37908403.17,4,,,,,,,,,
Nam,51,Đại học,Chính thức,49544134.08,4,,,,,,,,,
Nữ,45,Thạc sĩ - Tiến sĩ,Chính thức,20884854.13,1,,,,,,,,,
Nam,40,THPT,Chính thức,15695481.72,3,,,,,,,,,
Nam,40,Khác,Chính thức,21549968.96,5,,,,,,,,,
Nữ,27,THPT,Chính thức,13822895.23,5,,,,,,,,,
Nam,64,Đại học,Chính thức,29559426.01,2,,,,,,,,,
Nữ,61,Đại học,Chính thức,39481494.41,2,,,,,,,,,
Nam,30,Đại học,Chính thức,16970792.9,1,,,,,,,,,
Nam,33,Đại học,Chính thức,22225429.34,1,,,,,,,,,
Nữ,55,Thạc sĩ - Tiến sĩ,Chính thức,48076846.68,2,,,,,,,,,
Nam,29,Đại học,Chính thức,23275501.76,1,,,,,,,,,
Nữ,31,Đại học,Chính thức,29560302.33,1,,,,,,,,,
Nam,28,Đại học,Chính thức,26597436.74,2,,,,,,,,,
Nữ,41,Thạc sĩ - Tiến sĩ,Chính thức,22108524.73,2,,,,,,,,,
Nữ,37,Đại học,Chính thức,14271292.76,6,,,,,,,,,
Nam,42,THPT,Chính thức,13712927.57,4,,,,,,,,,
Nữ,29,Đại học,Chính thức,13138586.69,1,,,,,,,,,
Nam,30,Đại học,Chính thức,13105459.18,1,,,,,,,,,
Nam,42,Đại học,Chính thức,26596450.87,2,,,,,,,,,
Nữ,40,Đại học,Chính thức,27213714.54,2,,,,,,,,,
Nữ,50,THPT,Phi chính thức,17988930.27,5,,,,,,,,,
Nam,35,Cao đẳng - Trung cấp nghề,Chính thức,15645790.45,2,,,,,,,,,
Nam,51,Đại học,Chính thức,17051455.45,2,,,,,,,,,
Nữ,42,Đại học,Chính thức,15343722.43,2,,,,,,,,,
Nữ,45,Khác,Chính thức,12536606.88,4,,,,,,,,,
Nam,39,Đại học,Chính thức,35284916.2,2,,,,,,,,,
Nữ,28,Đại học,Chính thức,23391578.73,1,,,,,,,,,
Nam,54,Đại học,Chính thức,16584533.96,1,,,,,,,,,
Nam,46,THPT,Chính thức,22945582.45,4,,,,,,,,,
Nữ,24,Đại học,Chính thức,22575522.45,3,,,,,,,,,
Nam,33,Đại học,Chính thức,29558987.84,3,,,,,,,,,
Nam,45,Đại học,Chính thức,21642354.65,3,,,,,,,,,
Nữ,44,Đại học,Chính thức,14043614.62,2,,,,,,,,,
Nam,36,Đại học,Chính thức,24722970.75,5,,,,,,,,,
Nam,48,Đại học,Chính thức,21759466.17,2,,,,,,,,,
Nam,28,Đại học,Chính thức,13325492.5,3,,,,,,,,,
Nam,34,Khác,Chính thức,12583749.88,2,,,,,,,,,
Nam,25,Đại học,Chính thức,19835712.81,2,,,,,,,,,
Nam,25,Cao đẳng - Trung cấp nghề,Chính thức,13015583.65,3,,,,,,,,,
Nam,50,Đại học,Chính thức,21620422.1,2,,,,,,,,,
Nữ,45,Đại học,Chính thức,20536105.94,1,,,,,,,,,
Nam,54,THPT,Chính thức,15084975.01,4,,,,,,,,,
Nam,49,Thạc sĩ - Tiến sĩ,Chính thức,49126753.57,5,,,,,,,,,
Nam,53,THPT,Chính thức,19519553.07,5,,,,,,,,,
Nam,48,Đại học,Chính thức,37644320.3,6,,,,,,,,,
Nữ,51,Đại học,Chính thức,22225532.8,4,,,,,,,,,
Nam,50,THPT,Chính thức,15291972.95,3,,,,,,,,,
Nam,43,Đại học,Chính thức,28941395.55,3,,,,,,,,,
Nam,28,Đại học,Chính thức,18589282.02,3,,,,,,,,,
Nam,33,Khác,Chính thức,13325198.47,4,,,,,,,,,
Nam,30,Đại học,Chính thức,15342938.35,3,,,,,,,,,
Nam,41,Đại học,Chính thức,12536312.85,3,,,,,,,,,
Nữ,46,Đại học,Chính thức,13019308.05,4,,,,,,,,,
Nam,40,Khác,Phi chính thức,14311477.02,4,,,,,,,,,
Nam,27,Khác,Chính thức,13380966.38,2,,,,,,,,,
Nữ,41,Đại học,Chính thức,18351438.03,4,,,,,,,,,
Nam,49,Khác,Chính thức,12476820.54,2,,,,,,,,,
Nữ,32,THPT,Chính thức,12342252.28,2,,,,,,,,,
Nữ,31,Đại học,Chính thức,22357438.44,9,,,,,,,,,
Nam,37,Thạc sĩ - Tiến sĩ,Chính thức,17187101.83,4,,,,,,,,,
Nam,34,THPT,Phi chính thức,12790943.84,7,,,,,,,,,
Nữ,37,THPT,Chính thức,15291972.95,2,,,,,,,,,
Nam,42,THPT,Chính thức,20477446.72,5,,,,,,,,,
Nam,43,THPT,Phi chính thức,12608252.47,2,,,,,,,,,
Nữ,33,Đại học,Chính thức,27338481.76,2,,,,,,,,,
Nữ,34,Đại học,Chính thức,31527111.4,3,,,,,,,,,
Nam,27,Đại học,Chính thức,15742526.71,3,,,,,,,,,
Nam,25,THPT,Chính thức,12486131.53,5,,,,,,,,,
Nữ,34,THPT,Chính thức,13075762.03,5,,,,,,,,,
Nữ,39,Khác,Chính thức,14816916.59,1,,,,,,,,,
Nam,35,Đại học,Chính thức,15426051.16,4,,,,,,,,,
Nữ,50,Cao đẳng - Trung cấp nghề,Chính thức,21876060.42,1,,,,,,,,,
Nam,35,Đại học,Chính thức,20243844.4,1,,,,,,,,,
Nữ,35,Đại học,Chính thức,16916005.1,1,,,,,,,,,
Nam,37,Đại học,Chính thức,17800254.83,3,,,,,,,,,
Nam,31,THPT,Chính thức,23739511.45,4,,,,,,,,,
Nam,45,Đại học,Chính thức,22057314.3,5,,,,,,,,,
Nam,28,Đại học,Chính thức,15910418.5,5,,,,,,,,,
Nam,25,Khác,Chính thức,12485641.48,6,,,,,,,,,
Nam,53,THPT,Phi chính thức,15291384.89,4,,,,,,,,,
Nữ,53,Đại học,Chính thức,18116180.43,4,,,,,,,,,
Nam,47,Khác,Phi chính thức,14642458.1,4,,,,,,,,,
Nam,40,Đại học,Chính thức,16504949.52,5,,,,,,,,,
Nữ,42,Đại học,Chính thức,56859093.73,3,,,,,,,,,
Nữ,44,Đại học,Phi chính thức,12536410.86,4,,,,,,,,,
Nam,41,Khác,Phi chính thức,15818386.75,4,,,,,,,,,
Nam,30,Cao đẳng - Trung cấp nghề,Chính thức,13270802.71,5,,,,,,,,,
Nam,29,Khác,Chính thức,14720572.38,2,,,,,,,,,
Nam,34,Cao đẳng - Trung cấp nghề,Chính thức,14788983.63,3,,,,,,,,,
Nam,52,Khác,Phi chính thức,13074977.95,6,,,,,,,,,
Nam,50,Khác,Phi chính thức,16995001.47,1,,,,,,,,,
Nam,30,Khác,Chính thức,12584926,6,,,,,,,,,
Nam,42,Khác,Phi chính thức,15525335.69,4,,,,,,,,,
Nam,26,Khác,Phi chính thức,17485445.46,4,,,,,,,,,
Nam,42,Khác,Chính thức,16111731.84,4,,,,,,,,,
Nam,28,Khác,Chính thức,14544153.68,3,,,,,,,,,
Nam,51,THPT,Phi chính thức,15035087.72,6,,,,,,,,,
Nam,37,Khác,Chính thức,12585416.05,4,,,,,,,,,
Nam,33,Đại học,Phi chính thức,13619327.65,4,,,,,,,,,
Nam,60,Đại học,Chính thức,13518965.01,3,,,,,,,,,
Nam,50,Thạc sĩ - Tiến sĩ,Chính thức,22714566.52,2,,,,,,,,,
Nữ,40,Thạc sĩ - Tiến sĩ,Chính thức,15327060.67,2,,,,,,,,,
Nữ,29,Khác,Phi chính thức,14421640.69,2,,,,,,,,,
Nam,37,Thạc sĩ - Tiến sĩ,Chính thức,17235714.99,4,,,,,,,,,
Nữ,57,Đại học,Chính thức,13139566.79,2,,,,,,,,,
Nam,46,Cao đẳng - Trung cấp nghề,Chính thức,14233166.72,4,,,,,,,,,
Nam,41,Khác,Phi chính thức,12731059.49,4,,,,,,,,,
Nam,38,Đại học,Chính thức,15897971.18,3,,,,,,,,,
Nam,41,Đại học,Chính thức,14365186.71,3,,,,,,,,,
Nam,36,Khác,Chính thức,14741840.64,4,,,,,,,,,
Nam,42,Khác,Chính thức,12629814.76,3,,,,,,,,,
Nam,34,Khác,Chính thức,14004802.51,4,,,,,,,,,
Nam,40,Khác,Phi chính thức,17735960.01,4,,,,,,,,,
Nam,55,Đại học,Chính thức,15396452.02,4,,,,,,,,,
Nữ,52,Cao đẳng - Trung cấp nghề,Chính thức,13660982.06,3,,,,,,,,,
Nữ,44,Đại học,Chính thức,15378908.16,5,,,,,,,,,
Nam,50,Đại học,Chính thức,17597863.37,4,,,,,,,,,
Nữ,26,Đại học,Chính thức,13859159.07,4,,,,,,,,,
Nam,60,Đại học,Chính thức,14003430.36,4,,,,,,,,,
Nam,40,Khác,Phi chính thức,12485445.46,4,,,,,,,,,
Nam,36,Đại học,Chính thức,16525531.71,2,,,,,,,,,
Nữ,31,Đại học,Chính thức,14084975.01,2,,,,,,,,,
Nam,48,Đại học,Chính thức,22088454.38,4,,,,,,,,,
Nam,38,Khác,Phi chính thức,13465647.36,4,,,,,,,,,
Nam,42,THPT,Phi chính thức,13466039.4,4,,,,,,,,,
Nam,40,Khác,Chính thức,20099110.28,4,,,,,,,,,
Nam,37,THPT,Chính thức,16940017.64,3,,,,,,,,,
Nam,26,Đại học,Chính thức,15747035.19,2,,,,,,,,,
Nam,28,Đại học,Chính thức,24261255.34,3,,,,,,,,,
Nam,30,Đại học,Chính thức,17288346.56,5,,,,,,,,,
Nam,52,Đại học,Chính thức,13385474.86,3,,,,,,,,,
Nam,43,Đại học,Chính thức,12487601.69,4,,,,,,,,,
Nữ,34,Thạc sĩ - Tiến sĩ,Chính thức,15202685.48,5,,,,,,,,,
Nữ,30,Đại học,Chính thức,17979826.19,7,,,,,,,,,
Nam,41,Đại học,Chính thức,12878369.11,4,,,,,,,,,
Nam,57,Khác,Chính thức,23301986.34,2,,,,,,,,,
Nam,44,Đại học,Chính thức,26394457.22,4,,,,,,,,,
Nam,62,Khác,Phi chính thức,21889819.99,2,,,,,,,,,
Nam,46,Khác,Phi chính thức,13466627.46,3,,,,,,,,,
Nữ,28,Đại học,Chính thức,14686072.72,3,,,,,,,,,
Nam,27,THPT,Chính thức,15236009.02,4,,,,,,,,,
Nữ,36,THPT,Chính thức,12395765.95,6,,,,,,,,,
Nữ,30,THPT,Chính thức,23506189.07,5,,,,,,,,,
Nam,34,THPT,Chính thức,13952660.98,5,,,,,,,,,
Nam,36,Đại học,Chính thức,15334509.46,4,,,,,,,,,
Nam,38,Đại học,Chính thức,20587109.46,4,,,,,,,,,
Nam,43,Khác,Phi chính thức,13184357.54,3,,,,,,,,,
Nam,27,Đại học,Chính thức,12925414.09,5,,,,,,,,,
Nữ,45,Đại học,Chính thức,12505047.54,5,,,,,,,,,
Nam,37,Khác,Phi chính thức,12830442.03,4,,,,,,,,,
Nam,28,THPT,Chính thức,18417028.76,4,,,,,,,,,
Nữ,43,Đại học,Chính thức,13231500.54,2,,,,,,,,,
Nam,45,Đại học,Chính thức,13924826.03,2,,,,,,,,,
Nam,55,Khác,Phi chính thức,20675253.47,4,,,,,,,,,
Nam,45,Đại học,Chính thức,17879577.9,4,,,,,,,,,
Nam,31,Đại học,Chính thức,14539841.22,3,,,,,,,,,
Nam,50,Đại học,Chính thức,13223267.67,4,,,,,,,,,
Nam,50,Đại học,Chính thức,21470618.66,4,,,,,,,,,
Nam,60,Khác,Phi chính thức,34298999.07,4,,,,,,,,,
Nam,41,Đại học,Phi chính thức,20446306.64,3,,,,,,,,,
Nữ,38,Đại học,Phi chính thức,20446306.64,3,,,,,,,,,
Nữ,37,Khác,Phi chính thức,14056551.99,5,,,,,,,,,
Nam,50,Đại học,Chính thức,15622954.03,4,,,,,,,,,
Nam,47,Thạc sĩ - Tiến sĩ,Chính thức,13020876.21,3,,,,,,,,,
Nam,31,Cao đẳng - Trung cấp nghề,Chính thức,17402724.69,2,,,,,,,,,
Nữ,44,Đại học,Chính thức,21723256.78,3,,,,,,,,,
Nữ,40,Đại học,Chính thức,20309021.31,8,,,,,,,,,
Nam,38,Đại học,Chính thức,17087327.26,6,,,,,,,,,
Nữ,41,Đại học,Chính thức,20586178.36,1,,,,,,,,,
Nam,52,Đại học,Chính thức,26433672.91,2,,,,,,,,,
Nữ,49,Khác,Chính thức,51829919.3,3,,,,,,,,,
Nam,36,Đại học,Chính thức,28698543.1,2,,,,,,,,,
Nam,30,Đại học,Chính thức,14785553.27,2,,,,,,,,,
Nam,32,Thạc sĩ - Tiến sĩ,Chính thức,15715573.85,3,,,,,,,,,
Nữ,30,Thạc sĩ - Tiến sĩ,Chính thức,12759776.54,3,,,,,,,,,
Nữ,42,Đại học,Chính thức,14764383.02,2,,,,,,,,,
Nam,37,THPT,Chính thức,17981274.57,7,,,,,,,,,
Nam,42,Đại học,Chính thức,14544153.68,4,,,,,,,,,
Nam,47,Cao đẳng - Trung cấp nghề,Phi chính thức,39749068.9,4,,,,,,,,,
Nam,39,Đại học,Chính thức,13662746.25,8,,,,,,,,,
Nam,34,Đại học,Chính thức,16242281.68,5,,,,,,,,,
Nam,38,Đại học,Chính thức,15427521.32,6,,,,,,,,,
Nam,40,Khác,Phi chính thức,12442026.85,5,,,,,,,,,
Nam,64,Đại học,Phi chính thức,84610401.7,3,,,,,,,,,
Nam,42,Đại học,Chính thức,15243555.82,3,,,,,,,,,
Nam,62,Khác,Chính thức,13203763.6,4,,,,,,,,,
Nam,47,Đại học,Chính thức,12452023.91,4,,,,,,,,,
Nam,26,Đại học,Chính thức,12740762.52,7,,,,,,,,,
Nam,52,Khác,Chính thức,12350093.11,4,,,,,,,,,
Nam,44,Đại học,Chính thức,13669410.96,3,,,,,,,,,
Nam,36,THPT,Chính thức,14685288.64,4,,,,,,,,,
Nam,42,Đại học,Chính thức,13073703.81,5,,,,,,,,,
Nam,39,Đại học,Chính thức,13804665.29,4,,,,,,,,,
Nam,49,Đại học,Chính thức,12491914.14,2,,,,,,,,,
Nữ,52,Đại học,Chính thức,14261883.76,2,,,,,,,,,
Nam,29,Đại học,Chính thức,12681270.21,6,,,,,,,,,
Nữ,33,THPT,Chính thức,12848671.96,5,,,,,,,,,
Nam,42,Khác,Chính thức,19809021.31,3,,,,,,,,,
Nam,46,Đại học,Chính thức,19170908.34,6,,,,,,,,,
Nam,39,THPT,Chính thức,15231108.5,4,,,,,,,,,
Nam,29,Cao đẳng - Trung cấp nghề,Chính thức,15097912.38,1,,,,,,,,,
Nam,31,THPT,Chính thức,16030089.19,3,,,,,,,,,
Nam,51,Đại học,Chính thức,18770846.27,3,,,,,,,,,
Nam,32,Đại học,Chính thức,15512496.32,4,,,,,,,,,
Nữ,28,Khác,Chính thức,12301087.92,2,,,,,,,,,
Nam,55,Khác,Phi chính thức,13854748.6,2,,,,,,,,,
Nam,32,THPT,Chính thức,14448103.5,4,,,,,,,,,
Nam,55,Đại học,Phi chính thức,16549544.25,4,,,,,,,,,
Nam,17,Khác,Chính thức,24632161.24,3,,,,,,,,,
